split,name,line,sx,sy,ex,ey,group,row_order_ok,bands,dtype,labeled_frac,nodata_frac,classes
train,f080611t01p00r12rdn_beta_sc01_ort_img_Sx_309_Sy_512_Ex_821_Ey_1024.tif,f080611t01p00r12rdn_beta_sc01_ort_img,309,512,821,1024,0,1,224,uint16,0.5455,0.03116,12
train,f080611t01p00r13rdn_beta_sc01_ort_img_Sx_0_Sy_1024_Ex_512_Ey_1536.tif,f080611t01p00r13rdn_beta_sc01_ort_img,0,1024,512,1536,1,1,224,uint16,0.45136,0.03412,12
train,f080611t01p00r14rdn_beta_sc01_ort_img_Sx_0_Sy_1024_Ex_512_Ey_1536.tif,f080611t01p00r14rdn_beta_sc01_ort_img,0,1024,512,1536,2,1,224,uint16,0.55413,0.01962,7 12
train,f080611t01p00r14rdn_beta_sc01_ort_img_Sx_0_Sy_3072_Ex_512_Ey_3584.tif,f080611t01p00r14rdn_beta_sc01_ort_img,0,3072,512,3584,3,1,224,uint16,0.38483,0.02661,7 12
train,f080611t01p00r14rdn_beta_sc01_ort_img_Sx_267_Sy_1024_Ex_779_Ey_1536.tif,f080611t01p00r14rdn_beta_sc01_ort_img,267,1024,779,1536,2,1,224,uint16,0.73318,0.03909,7 12
train,f080611t01p00r14rdn_beta_sc01_ort_img_Sx_267_Sy_1536_Ex_779_Ey_2048.tif,f080611t01p00r14rdn_beta_sc01_ort_img,267,1536,779,2048,4,1,224,uint16,0.38506,0.03375,7 12
train,f080611t01p00r14rdn_beta_sc01_ort_img_Sx_267_Sy_3072_Ex_779_Ey_3584.tif,f080611t01p00r14rdn_beta_sc01_ort_img,267,3072,779,3584,3,1,224,uint16,0.60728,0.0304,7 12
train,f080912t01p00r07rdn_c_sc01_ort_img_Sx_0_Sy_1536_Ex_512_Ey_2048.tif,f080912t01p00r07rdn_c_sc01_ort_img,0,1536,512,2048,5,1,224,uint16,0.04847,0.28482,3
train,f080918t01p00r05rdn_c_sc01_ort_img_Sx_0_Sy_1536_Ex_512_Ey_2048.tif,f080918t01p00r05rdn_c_sc01_ort_img,0,1536,512,2048,6,1,224,uint16,0.11326,0.49768,22 25
train,f080918t01p00r05rdn_c_sc01_ort_img_Sx_0_Sy_2048_Ex_512_Ey_2560.tif,f080918t01p00r05rdn_c_sc01_ort_img,0,2048,512,2560,7,1,224,uint16,0.24388,0.64948,22 25
train,f080918t01p00r05rdn_c_sc01_ort_img_Sx_0_Sy_4362_Ex_512_Ey_4874.tif,f080918t01p00r05rdn_c_sc01_ort_img,0,4362,512,4874,8,1,224,uint16,0.4762,0.09976,7 22 25
train,f080918t01p00r05rdn_c_sc01_ort_img_Sx_512_Sy_0_Ex_1024_Ey_512.tif,f080918t01p00r05rdn_c_sc01_ort_img,512,0,1024,512,9,1,224,uint16,0.24665,0.33789,19 22
train,f080918t01p00r05rdn_c_sc01_ort_img_Sx_512_Sy_1024_Ex_1024_Ey_1536.tif,f080918t01p00r05rdn_c_sc01_ort_img,512,1024,1024,1536,10,1,224,uint16,0.2351,0.11481,29
train,f080918t01p00r05rdn_c_sc01_ort_img_Sx_512_Sy_1536_Ex_1024_Ey_2048.tif,f080918t01p00r05rdn_c_sc01_ort_img,512,1536,1024,2048,11,1,224,uint16,0.27794,0.03455,14 19
train,f080918t01p00r05rdn_c_sc01_ort_img_Sx_512_Sy_2048_Ex_1024_Ey_2560.tif,f080918t01p00r05rdn_c_sc01_ort_img,512,2048,1024,2560,12,1,224,uint16,0.67307,0.0,14 25
train,f080918t01p00r05rdn_c_sc01_ort_img_Sx_512_Sy_3072_Ex_1024_Ey_3584.tif,f080918t01p00r05rdn_c_sc01_ort_img,512,3072,1024,3584,13,1,224,uint16,0.46766,0.02603,22 29
train,f080918t01p00r05rdn_c_sc01_ort_img_Sx_512_Sy_4096_Ex_1024_Ey_4608.tif,f080918t01p00r05rdn_c_sc01_ort_img,512,4096,1024,4608,14,1,224,uint16,0.4528,0.35822,22 29
train,f080918t01p00r05rdn_c_sc01_ort_img_Sx_512_Sy_4362_Ex_1024_Ey_4874.tif,f080918t01p00r05rdn_c_sc01_ort_img,512,4362,1024,4874,14,1,224,uint16,0.47764,0.46368,2 22 25 29
train,f080918t01p00r05rdn_c_sc01_ort_img_Sx_626_Sy_0_Ex_1138_Ey_512.tif,f080918t01p00r05rdn_c_sc01_ort_img,626,0,1138,512,9,1,224,uint16,0.12282,0.53101,19
train,f080918t01p00r05rdn_c_sc01_ort_img_Sx_626_Sy_1024_Ex_1138_Ey_1536.tif,f080918t01p00r05rdn_c_sc01_ort_img,626,1024,1138,1536,10,1,224,uint16,0.23011,0.33746,29
train,f080918t01p00r05rdn_c_sc01_ort_img_Sx_626_Sy_1536_Ex_1138_Ey_2048.tif,f080918t01p00r05rdn_c_sc01_ort_img,626,1536,1138,2048,11,1,224,uint16,0.3047,0.22852,14 19
train,f080918t01p00r05rdn_c_sc01_ort_img_Sx_626_Sy_2048_Ex_1138_Ey_2560.tif,f080918t01p00r05rdn_c_sc01_ort_img,626,2048,1138,2560,12,1,224,uint16,0.46844,0.15131,14 25
train,f080918t01p00r05rdn_c_sc01_ort_img_Sx_626_Sy_3072_Ex_1138_Ey_3584.tif,f080918t01p00r05rdn_c_sc01_ort_img,626,3072,1138,3584,13,1,224,uint16,0.32949,0.16461,29
train,f080918t01p00r05rdn_c_sc01_ort_img_Sx_626_Sy_3584_Ex_1138_Ey_4096.tif,f080918t01p00r05rdn_c_sc01_ort_img,626,3584,1138,4096,15,1,224,uint16,0.42934,0.38452,2 17 29
train,f080918t01p00r05rdn_c_sc01_ort_img_Sx_626_Sy_4096_Ex_1138_Ey_4608.tif,f080918t01p00r05rdn_c_sc01_ort_img,626,4096,1138,4608,14,1,224,uint16,0.39343,0.58087,2 22 29
train,f080918t01p00r05rdn_c_sc01_ort_img_Sx_626_Sy_4362_Ex_1138_Ey_4874.tif,f080918t01p00r05rdn_c_sc01_ort_img,626,4362,1138,4874,14,1,224,uint16,0.2896,0.68634,2 22 29
train,f080923t01p00r04rdn_c_sc01_ort_img_Sx_321_Sy_2048_Ex_833_Ey_2560.tif,f080923t01p00r04rdn_c_sc01_ort_img,321,2048,833,2560,16,1,224,uint16,0.22644,0.10428,3
train,f080923t01p00r05rdn_c_sc01_ort_img_Sx_0_Sy_2048_Ex_512_Ey_2560.tif,f080923t01p00r05rdn_c_sc01_ort_img,0,2048,512,2560,17,1,224,uint16,0.70655,0.04865,3
train,f080923t01p00r05rdn_c_sc01_ort_img_Sx_0_Sy_2172_Ex_512_Ey_2684.tif,f080923t01p00r05rdn_c_sc01_ort_img,0,2172,512,2684,17,1,224,uint16,0.66982,0.05698,3
train,f080923t01p00r05rdn_c_sc01_ort_img_Sx_0_Sy_512_Ex_512_Ey_1024.tif,f080923t01p00r05rdn_c_sc01_ort_img,0,512,512,1024,18,1,224,uint16,0.83283,0.09915,3
train,f080923t01p00r05rdn_c_sc01_ort_img_Sx_299_Sy_1024_Ex_811_Ey_1536.tif,f080923t01p00r05rdn_c_sc01_ort_img,299,1024,811,1536,19,1,224,uint16,0.26542,0.07693,3
train,f080924t01p00r07rdn_c_sc01_ort_img_Sx_0_Sy_0_Ex_512_Ey_512.tif,f080924t01p00r07rdn_c_sc01_ort_img,0,0,512,512,20,1,224,uint16,0.49387,0.18277,7 10
train,f080924t01p00r07rdn_c_sc01_ort_img_Sx_460_Sy_0_Ex_972_Ey_512.tif,f080924t01p00r07rdn_c_sc01_ort_img,460,0,972,512,20,0,224,uint16,0.45719,0.28873,7 10
train,f080924t01p00r13rdn_c_sc01_ort_img_Sx_431_Sy_1024_Ex_943_Ey_1536.tif,f080924t01p00r13rdn_c_sc01_ort_img,431,1024,943,1536,21,1,224,uint16,0.18388,0.13156,11
train,f090720t01p00r05rdn_b_ort_img_Sx_0_Sy_1024_Ex_512_Ey_1536.tif,f090720t01p00r05rdn_b_ort_img,0,1024,512,1536,22,1,224,uint16,0.58047,0.04956,13 15
train,f090720t01p00r05rdn_b_ort_img_Sx_0_Sy_8192_Ex_512_Ey_8704.tif,f090720t01p00r05rdn_b_ort_img,0,8192,512,8704,23,1,224,uint16,0.31433,0.31357,13 15
train,f090720t01p00r05rdn_b_ort_img_Sx_0_Sy_8662_Ex_512_Ey_9174.tif,f090720t01p00r05rdn_b_ort_img,0,8662,512,9174,23,1,224,uint16,0.33384,0.33258,13 15
train,f090720t01p00r05rdn_b_ort_img_Sx_391_Sy_0_Ex_903_Ey_512.tif,f090720t01p00r05rdn_b_ort_img,391,0,903,512,24,1,224,uint16,0.12185,0.3562,2 13
train,f090720t01p00r05rdn_b_ort_img_Sx_391_Sy_1536_Ex_903_Ey_2048.tif,f090720t01p00r05rdn_b_ort_img,391,1536,903,2048,25,1,224,uint16,0.14433,0.28311,2 15
train,f090720t01p00r05rdn_b_ort_img_Sx_391_Sy_5120_Ex_903_Ey_5632.tif,f090720t01p00r05rdn_b_ort_img,391,5120,903,5632,26,1,224,uint16,0.27388,0.14926,15
train,f090720t01p00r05rdn_b_ort_img_Sx_391_Sy_512_Ex_903_Ey_1024.tif,f090720t01p00r05rdn_b_ort_img,391,512,903,1024,27,1,224,uint16,0.12385,0.32278,2 15
train,f090720t01p00r05rdn_b_ort_img_Sx_391_Sy_8192_Ex_903_Ey_8704.tif,f090720t01p00r05rdn_b_ort_img,391,8192,903,8704,23,1,224,uint16,0.51972,0.03217,9 13 15
train,f090720t01p00r06rdn_b_ort_img_Sx_0_Sy_1536_Ex_512_Ey_2048.tif,f090720t01p00r06rdn_b_ort_img,0,1536,512,2048,28,1,224,uint16,0.53737,0.07031,9 13 19
train,f090720t01p00r06rdn_b_ort_img_Sx_0_Sy_2048_Ex_512_Ey_2560.tif,f090720t01p00r06rdn_b_ort_img,0,2048,512,2560,29,1,224,uint16,0.62716,0.0881,9 13 15
train,f090720t01p00r06rdn_b_ort_img_Sx_307_Sy_1536_Ex_819_Ey_2048.tif,f090720t01p00r06rdn_b_ort_img,307,1536,819,2048,28,1,224,uint16,0.42988,0.11966,2 13 15
train,f090720t01p00r06rdn_b_ort_img_Sx_307_Sy_2048_Ex_819_Ey_2560.tif,f090720t01p00r06rdn_b_ort_img,307,2048,819,2560,29,1,224,uint16,0.52124,0.10208,13
train,f090724t01p00r05rdn_b_ort_img_Sx_0_Sy_3072_Ex_512_Ey_3584.tif,f090724t01p00r05rdn_b_ort_img,0,3072,512,3584,30,1,224,uint16,0.52451,0.1832,7 9
train,f090724t01p00r05rdn_b_ort_img_Sx_0_Sy_4608_Ex_512_Ey_5120.tif,f090724t01p00r05rdn_b_ort_img,0,4608,512,5120,31,1,224,uint16,0.4851,0.27332,7 9
train,f090724t01p00r05rdn_b_ort_img_Sx_0_Sy_5120_Ex_512_Ey_5632.tif,f090724t01p00r05rdn_b_ort_img,0,5120,512,5632,32,1,224,uint16,0.02813,0.30136,8
train,f090724t01p00r05rdn_b_ort_img_Sx_0_Sy_512_Ex_512_Ey_1024.tif,f090724t01p00r05rdn_b_ort_img,0,512,512,1024,33,1,224,uint16,0.6071,0.04227,7 9
train,f090724t01p00r05rdn_b_ort_img_Sx_431_Sy_2048_Ex_943_Ey_2560.tif,f090724t01p00r05rdn_b_ort_img,431,2048,943,2560,34,1,224,uint16,0.46226,0.28027,7 9
train,f090724t01p00r05rdn_b_ort_img_Sx_431_Sy_4608_Ex_943_Ey_5120.tif,f090724t01p00r05rdn_b_ort_img,431,4608,943,5120,31,1,224,uint16,0.54435,0.14206,7 9
train,f090724t01p00r05rdn_b_ort_img_Sx_431_Sy_5632_Ex_943_Ey_6144.tif,f090724t01p00r05rdn_b_ort_img,431,5632,943,6144,35,1,224,uint16,0.75054,0.09485,7 9
train,f090724t01p00r06rdn_b_ort_img_Sx_0_Sy_0_Ex_512_Ey_512.tif,f090724t01p00r06rdn_b_ort_img,0,0,512,512,36,0,224,uint16,0.553,0.21457,7 9
train,f090724t01p00r06rdn_b_ort_img_Sx_0_Sy_2048_Ex_512_Ey_2560.tif,f090724t01p00r06rdn_b_ort_img,0,2048,512,2560,37,1,224,uint16,0.62658,0.11047,7 9
train,f090724t01p00r06rdn_b_ort_img_Sx_305_Sy_0_Ex_817_Ey_512.tif,f090724t01p00r06rdn_b_ort_img,305,0,817,512,36,1,224,uint16,0.5075,0.26718,7 9
train,f090724t01p00r06rdn_b_ort_img_Sx_305_Sy_1024_Ex_817_Ey_1536.tif,f090724t01p00r06rdn_b_ort_img,305,1024,817,1536,38,1,224,uint16,0.70218,0.13492,7 9
train,f090724t01p00r06rdn_b_ort_img_Sx_305_Sy_2048_Ex_817_Ey_2560.tif,f090724t01p00r06rdn_b_ort_img,305,2048,817,2560,37,1,224,uint16,0.59015,0.08328,7 9
train,f100710t01p00r08rdn_b_sc01_ort_img_Sx_466_Sy_5632_Ex_978_Ey_6144.tif,f100710t01p00r08rdn_b_sc01_ort_img,466,5632,978,6144,39,1,224,uint16,0.52084,0.27875,5 6
train,f100712t01p00r13rdn_b_sc01_ort_img_Sx_0_Sy_0_Ex_512_Ey_512.tif,f100712t01p00r13rdn_b_sc01_ort_img,0,0,512,512,40,0,224,uint16,0.13931,0.20792,6
train,f100904t01p00r02rdn_b_sc01_ort_img_Sx_0_Sy_2048_Ex_512_Ey_2560.tif,f100904t01p00r02rdn_b_sc01_ort_img,0,2048,512,2560,41,1,224,uint16,0.34989,0.16391,7
train,f100904t01p00r02rdn_b_sc01_ort_img_Sx_0_Sy_2560_Ex_512_Ey_3072.tif,f100904t01p00r02rdn_b_sc01_ort_img,0,2560,512,3072,42,1,224,uint16,0.64409,0.18311,7 10
train,f100904t01p00r02rdn_b_sc01_ort_img_Sx_453_Sy_1536_Ex_965_Ey_2048.tif,f100904t01p00r02rdn_b_sc01_ort_img,453,1536,965,2048,43,1,224,uint16,0.259,0.26691,1 10
train,f100904t01p00r03rdn_b_sc01_ort_img_Sx_0_Sy_1536_Ex_512_Ey_2048.tif,f100904t01p00r03rdn_b_sc01_ort_img,0,1536,512,2048,44,1,224,uint16,0.50232,0.23251,1 5 10
train,f100904t01p00r03rdn_b_sc01_ort_img_Sx_0_Sy_2715_Ex_512_Ey_3227.tif,f100904t01p00r03rdn_b_sc01_ort_img,0,2715,512,3227,45,1,224,uint16,0.29791,0.20166,7
train,f100904t01p00r03rdn_b_sc01_ort_img_Sx_476_Sy_0_Ex_988_Ey_512.tif,f100904t01p00r03rdn_b_sc01_ort_img,476,0,988,512,46,1,224,uint16,0.06438,0.18732,8
train,f100904t01p00r04rdn_b_sc01_ort_img_Sx_0_Sy_1536_Ex_512_Ey_2048.tif,f100904t01p00r04rdn_b_sc01_ort_img,0,1536,512,2048,47,1,224,uint16,0.07801,0.22876,1 5
train,f100904t01p00r04rdn_b_sc01_ort_img_Sx_0_Sy_2048_Ex_512_Ey_2560.tif,f100904t01p00r04rdn_b_sc01_ort_img,0,2048,512,2560,48,1,224,uint16,0.40639,0.2027,1 2 7
train,f100904t01p00r04rdn_b_sc01_ort_img_Sx_0_Sy_2817_Ex_512_Ey_3329.tif,f100904t01p00r04rdn_b_sc01_ort_img,0,2817,512,3329,49,1,224,uint16,0.71379,0.13242,7 10
train,f100904t01p00r05rdn_b_sc01_ort_img_Sx_512_Sy_1024_Ex_1024_Ey_1536.tif,f100904t01p00r05rdn_b_sc01_ort_img,512,1024,1024,1536,50,1,224,uint16,0.43169,0.23911,5 6
train,f100904t01p00r05rdn_b_sc01_ort_img_Sx_512_Sy_512_Ex_1024_Ey_1024.tif,f100904t01p00r05rdn_b_sc01_ort_img,512,512,1024,1024,51,1,224,uint16,0.30158,0.14609,6 10
train,f100904t01p00r05rdn_b_sc01_ort_img_Sx_522_Sy_1024_Ex_1034_Ey_1536.tif,f100904t01p00r05rdn_b_sc01_ort_img,522,1024,1034,1536,50,1,224,uint16,0.41888,0.25864,5 6
train,f100904t01p00r05rdn_b_sc01_ort_img_Sx_522_Sy_512_Ex_1034_Ey_1024.tif,f100904t01p00r05rdn_b_sc01_ort_img,522,512,1034,1024,51,1,224,uint16,0.29729,0.16562,6 10
train,f100904t01p00r06rdn_b_sc01_ort_img_Sx_0_Sy_512_Ex_512_Ey_1024.tif,f100904t01p00r06rdn_b_sc01_ort_img,0,512,512,1024,52,1,224,uint16,0.26864,0.28549,6 10
train,f100904t01p00r07rdn_b_sc01_ort_img_Sx_0_Sy_1536_Ex_512_Ey_2048.tif,f100904t01p00r07rdn_b_sc01_ort_img,0,1536,512,2048,53,1,224,uint16,0.08723,0.29239,6
train,f100904t01p00r08rdn_b_sc01_ort_img_Sx_443_Sy_512_Ex_955_Ey_1024.tif,f100904t01p00r08rdn_b_sc01_ort_img,443,512,955,1024,54,1,224,uint16,0.02724,0.24954,8
train,f100906t01p00r05rdn_b_sc01_ort_img_Sx_0_Sy_0_Ex_512_Ey_512.tif,f100906t01p00r05rdn_b_sc01_ort_img,0,0,512,512,55,1,224,uint16,0.18439,0.11234,5
train,f100906t01p00r05rdn_b_sc01_ort_img_Sx_311_Sy_0_Ex_823_Ey_512.tif,f100906t01p00r05rdn_b_sc01_ort_img,311,0,823,512,55,1,224,uint16,0.2989,0.07199,5 10
train,f100906t01p00r06rdn_b_sc01_ort_img_Sx_468_Sy_0_Ex_980_Ey_512.tif,f100906t01p00r06rdn_b_sc01_ort_img,468,0,980,512,56,0,224,uint16,0.29675,0.2388,5 10
train,f100906t01p00r08rdn_b_sc01_ort_img_Sx_0_Sy_1536_Ex_512_Ey_2048.tif,f100906t01p00r08rdn_b_sc01_ort_img,0,1536,512,2048,57,1,224,uint16,0.1952,0.14859,1 7
train,f100906t01p00r08rdn_b_sc01_ort_img_Sx_0_Sy_2048_Ex_512_Ey_2560.tif,f100906t01p00r08rdn_b_sc01_ort_img,0,2048,512,2560,58,1,224,uint16,0.39641,0.0878,7
train,f100908t01p00r01rdn_b_sc01_ort_img_Sx_0_Sy_1024_Ex_512_Ey_1536.tif,f100908t01p00r01rdn_b_sc01_ort_img,0,1024,512,1536,59,1,224,uint16,0.01649,0.22989,8
train,f100908t01p00r02rdn_b_sc01_ort_img_Sx_347_Sy_10240_Ex_859_Ey_10752.tif,f100908t01p00r02rdn_b_sc01_ort_img,347,10240,859,10752,60,1,224,uint16,0.27021,0.13599,6
train,f100908t01p00r03rdn_b_sc01_ort_img_Sx_0_Sy_11264_Ex_512_Ey_11776.tif,f100908t01p00r03rdn_b_sc01_ort_img,0,11264,512,11776,61,1,224,uint16,0.68381,0.13327,5 6
train,f100908t01p00r03rdn_b_sc01_ort_img_Sx_410_Sy_11264_Ex_922_Ey_11776.tif,f100908t01p00r03rdn_b_sc01_ort_img,410,11264,922,11776,61,1,224,uint16,0.24307,0.19324,2 6
train,f100910t01p00r02rdn_b_sc01_ort_img_Sx_0_Sy_512_Ex_512_Ey_1024.tif,f100910t01p00r02rdn_b_sc01_ort_img,0,512,512,1024,62,1,224,uint16,0.11596,0.28558,7
train,f100910t01p00r02rdn_b_sc01_ort_img_Sx_452_Sy_0_Ex_964_Ey_512.tif,f100910t01p00r02rdn_b_sc01_ort_img,452,0,964,512,63,0,224,uint16,0.16623,0.228,1 5
train,f100910t01p00r04rdn_b_sc01_ort_img_Sx_0_Sy_0_Ex_512_Ey_512.tif,f100910t01p00r04rdn_b_sc01_ort_img,0,0,512,512,64,0,224,uint16,0.03005,0.49896,8
train,f100910t01p00r04rdn_b_sc01_ort_img_Sx_494_Sy_1536_Ex_1006_Ey_2048.tif,f100910t01p00r04rdn_b_sc01_ort_img,494,1536,1006,2048,65,1,224,uint16,0.1819,0.27579,7
train,f100910t01p00r08rdn_b_sc01_ort_img_Sx_436_Sy_0_Ex_948_Ey_512.tif,f100910t01p00r08rdn_b_sc01_ort_img,436,0,948,512,66,1,224,uint16,0.29338,0.10242,7
train,f100910t01p00r08rdn_b_sc01_ort_img_Sx_436_Sy_1024_Ex_948_Ey_1536.tif,f100910t01p00r08rdn_b_sc01_ort_img,436,1024,948,1536,67,1,224,uint16,0.0914,0.21948,8
train,f100910t01p00r08rdn_b_sc01_ort_img_Sx_436_Sy_1536_Ex_948_Ey_2048.tif,f100910t01p00r08rdn_b_sc01_ort_img,436,1536,948,2048,68,1,224,uint16,0.07342,0.28641,2 8
train,f100910t01p00r08rdn_b_sc01_ort_img_Sx_436_Sy_512_Ex_948_Ey_1024.tif,f100910t01p00r08rdn_b_sc01_ort_img,436,512,948,1024,69,1,224,uint16,0.02715,0.15109,8
train,f100914t01p00r08rdn_b_sc01_ort_img_Sx_512_Sy_0_Ex_1024_Ey_512.tif,f100914t01p00r08rdn_b_sc01_ort_img,512,0,1024,512,70,1,224,uint16,0.27802,0.18918,5 7
train,f100930t01p00r13rdn_b_sc01_ort_img_Sx_383_Sy_0_Ex_895_Ey_512.tif,f100930t01p00r13rdn_b_sc01_ort_img,383,0,895,512,71,0,224,uint16,0.57643,0.22501,5 6
train,f100930t01p00r14rdn_b_sc01_ort_img_Sx_512_Sy_7168_Ex_1024_Ey_7680.tif,f100930t01p00r14rdn_b_sc01_ort_img,512,7168,1024,7680,72,1,224,uint16,0.5245,0.22156,5 6
train,f110505t01p00r05rdn_c_sc01_ort_img_Sx_512_Sy_2560_Ex_1024_Ey_3072.tif,f110505t01p00r05rdn_c_sc01_ort_img,512,2560,1024,3072,73,1,224,uint16,0.65544,0.11835,5 6
train,f110513t01p00r02rdn_c_sc01_ort_img_Sx_428_Sy_6144_Ex_940_Ey_6656.tif,f110513t01p00r02rdn_c_sc01_ort_img,428,6144,940,6656,74,1,224,uint16,0.51063,0.19089,7 10
train,f110513t01p00r03rdn_c_sc01_ort_img_Sx_0_Sy_7168_Ex_512_Ey_7680.tif,f110513t01p00r03rdn_c_sc01_ort_img,0,7168,512,7680,75,1,224,uint16,0.7728,0.09366,7 9
train,f110712t01p00r05rdn_c_sc01_ort_img_Sx_0_Sy_7168_Ex_512_Ey_7680.tif,f110712t01p00r05rdn_c_sc01_ort_img,0,7168,512,7680,76,1,224,uint16,0.11667,0.11664,4
train,f110712t01p00r05rdn_c_sc01_ort_img_Sx_448_Sy_6144_Ex_960_Ey_6656.tif,f110712t01p00r05rdn_c_sc01_ort_img,448,6144,960,6656,77,1,224,uint16,0.12485,0.21832,4
train,f110712t01p00r07rdn_c_sc01_ort_img_Sx_0_Sy_6144_Ex_512_Ey_6656.tif,f110712t01p00r07rdn_c_sc01_ort_img,0,6144,512,6656,78,1,224,uint16,0.07879,0.21786,4
train,f110712t01p00r16rdn_c_sc01_ort_img_Sx_0_Sy_2048_Ex_512_Ey_2560.tif,f110712t01p00r16rdn_c_sc01_ort_img,0,2048,512,2560,79,1,224,uint16,0.14121,0.1839,4
train,f110712t01p00r17rdn_c_sc01_ort_img_Sx_0_Sy_1536_Ex_512_Ey_2048.tif,f110712t01p00r17rdn_c_sc01_ort_img,0,1536,512,2048,80,1,224,uint16,0.1405,0.11816,4
train,f110712t01p00r20rdn_c_sc01_ort_img_Sx_0_Sy_6144_Ex_512_Ey_6656.tif,f110712t01p00r20rdn_c_sc01_ort_img,0,6144,512,6656,81,1,224,uint16,0.13684,0.18005,4
train,f110712t01p00r21rdn_c_sc01_ort_img_Sx_512_Sy_8704_Ex_1024_Ey_9216.tif,f110712t01p00r21rdn_c_sc01_ort_img,512,8704,1024,9216,82,1,224,uint16,0.1034,0.0,4
train,f110712t01p00r21rdn_c_sc01_ort_img_Sx_966_Sy_7680_Ex_1478_Ey_8192.tif,f110712t01p00r21rdn_c_sc01_ort_img,966,7680,1478,8192,83,1,224,uint16,0.1032,0.53491,4
train,f110928t01p00r02rdn_c_sc01_ort_img_Sx_0_Sy_10752_Ex_512_Ey_11264.tif,f110928t01p00r02rdn_c_sc01_ort_img,0,10752,512,11264,84,1,224,uint16,0.6024,0.2475,2 7 10
train,f110928t01p00r02rdn_c_sc01_ort_img_Sx_501_Sy_11776_Ex_1013_Ey_12288.tif,f110928t01p00r02rdn_c_sc01_ort_img,501,11776,1013,12288,85,1,224,uint16,0.60239,0.18158,7 10
train,f110928t01p00r04rdn_c_sc01_ort_img_Sx_0_Sy_7680_Ex_512_Ey_8192.tif,f110928t01p00r04rdn_c_sc01_ort_img,0,7680,512,8192,86,1,224,uint16,0.02182,0.18164,23
train,f110928t01p00r05rdn_c_sc01_ort_img_Sx_0_Sy_10683_Ex_512_Ey_11195.tif,f110928t01p00r05rdn_c_sc01_ort_img,0,10683,512,11195,87,1,224,uint16,0.02188,0.09912,20
train,f110928t01p00r05rdn_c_sc01_ort_img_Sx_0_Sy_1536_Ex_512_Ey_2048.tif,f110928t01p00r05rdn_c_sc01_ort_img,0,1536,512,2048,88,1,224,uint16,0.49551,0.12396,6 7
train,f110928t01p00r05rdn_c_sc01_ort_img_Sx_0_Sy_2560_Ex_512_Ey_3072.tif,f110928t01p00r05rdn_c_sc01_ort_img,0,2560,512,3072,89,1,224,uint16,0.48988,0.13184,6 7
train,f110928t01p00r05rdn_c_sc01_ort_img_Sx_0_Sy_3072_Ex_512_Ey_3584.tif,f110928t01p00r05rdn_c_sc01_ort_img,0,3072,512,3584,90,1,224,uint16,0.02015,0.16556,23
train,f110928t01p00r06rdn_c_sc01_ort_img_Sx_512_Sy_5120_Ex_1024_Ey_5632.tif,f110928t01p00r06rdn_c_sc01_ort_img,512,5120,1024,5632,91,1,224,uint16,0.02355,0.23978,20
train,f110928t01p00r06rdn_c_sc01_ort_img_Sx_526_Sy_5120_Ex_1038_Ey_5632.tif,f110928t01p00r06rdn_c_sc01_ort_img,526,5120,1038,5632,91,1,224,uint16,0.02346,0.26712,20
train,f110928t01p00r06rdn_c_sc01_ort_img_Sx_526_Sy_7168_Ex_1038_Ey_7680.tif,f110928t01p00r06rdn_c_sc01_ort_img,526,7168,1038,7680,92,1,224,uint16,0.01647,0.29941,23
train,f110928t01p00r07rdn_c_sc01_ort_img_Sx_0_Sy_2560_Ex_512_Ey_3072.tif,f110928t01p00r07rdn_c_sc01_ort_img,0,2560,512,3072,93,1,224,uint16,0.02227,0.49948,20
train,f110928t01p00r07rdn_c_sc01_ort_img_Sx_512_Sy_2560_Ex_1024_Ey_3072.tif,f110928t01p00r07rdn_c_sc01_ort_img,512,2560,1024,3072,94,1,224,uint16,0.10793,0.07608,12
train,f110928t01p00r07rdn_c_sc01_ort_img_Sx_516_Sy_1024_Ex_1028_Ey_1536.tif,f110928t01p00r07rdn_c_sc01_ort_img,516,1024,1028,1536,95,1,224,uint16,0.02213,0.23062,23
train,f110928t01p00r08rdn_c_sc01_ort_img_Sx_0_Sy_5632_Ex_512_Ey_6144.tif,f110928t01p00r08rdn_c_sc01_ort_img,0,5632,512,6144,96,1,224,uint16,0.02599,0.22418,23
train,f110928t01p00r08rdn_c_sc01_ort_img_Sx_0_Sy_9131_Ex_512_Ey_9643.tif,f110928t01p00r08rdn_c_sc01_ort_img,0,9131,512,9643,97,1,224,uint16,0.10901,0.23892,19
train,f110928t01p00r08rdn_c_sc01_ort_img_Sx_466_Sy_6656_Ex_978_Ey_7168.tif,f110928t01p00r08rdn_c_sc01_ort_img,466,6656,978,7168,98,1,224,uint16,0.01709,0.25528,20
train,f110928t01p00r08rdn_c_sc01_ort_img_Sx_466_Sy_8704_Ex_978_Ey_9216.tif,f110928t01p00r08rdn_c_sc01_ort_img,466,8704,978,9216,99,1,224,uint16,0.01884,0.23154,17
train,f110929t01p00r10rdn_c_sc01_ort_img_Sx_306_Sy_3584_Ex_818_Ey_4096.tif,f110929t01p00r10rdn_c_sc01_ort_img,306,3584,818,4096,100,1,224,uint16,0.28303,0.16946,6 22
train,f110929t01p00r11rdn_c_sc01_ort_img_Sx_0_Sy_0_Ex_512_Ey_512.tif,f110929t01p00r11rdn_c_sc01_ort_img,0,0,512,512,101,0,224,uint16,0.60771,0.21979,29
train,f110929t01p00r11rdn_c_sc01_ort_img_Sx_0_Sy_1024_Ex_512_Ey_1536.tif,f110929t01p00r11rdn_c_sc01_ort_img,0,1024,512,1536,102,1,224,uint16,0.67389,0.2507,29
train,f110929t01p00r11rdn_c_sc01_ort_img_Sx_437_Sy_0_Ex_949_Ey_512.tif,f110929t01p00r11rdn_c_sc01_ort_img,437,0,949,512,101,1,224,uint16,0.71099,0.20291,29 31
train,f110929t01p00r11rdn_c_sc01_ort_img_Sx_437_Sy_1024_Ex_949_Ey_1536.tif,f110929t01p00r11rdn_c_sc01_ort_img,437,1024,949,1536,102,1,224,uint16,0.76849,0.15488,14 25 29
train,f110929t01p00r11rdn_c_sc01_ort_img_Sx_437_Sy_1536_Ex_949_Ey_2048.tif,f110929t01p00r11rdn_c_sc01_ort_img,437,1536,949,2048,103,1,224,uint16,0.68525,0.15482,22 29
train,f110929t01p00r11rdn_c_sc01_ort_img_Sx_437_Sy_7168_Ex_949_Ey_7680.tif,f110929t01p00r11rdn_c_sc01_ort_img,437,7168,949,7680,104,1,224,uint16,0.12603,0.13971,14
train,f110929t01p00r11rdn_c_sc01_ort_img_Sx_437_Sy_7680_Ex_949_Ey_8192.tif,f110929t01p00r11rdn_c_sc01_ort_img,437,7680,949,8192,105,1,224,uint16,0.53739,0.13983,14 18 19
train,f110929t01p00r11rdn_c_sc01_ort_img_Sx_437_Sy_7776_Ex_949_Ey_8288.tif,f110929t01p00r11rdn_c_sc01_ort_img,437,7776,949,8288,105,1,224,uint16,0.46912,0.16235,14 18 19
train,f110930t01p00r09rdn_c_sc01_ort_img_Sx_0_Sy_2560_Ex_512_Ey_3072.tif,f110930t01p00r09rdn_c_sc01_ort_img,0,2560,512,3072,106,1,224,uint16,0.32555,0.08289,22 25
train,f110930t01p00r09rdn_c_sc01_ort_img_Sx_0_Sy_3072_Ex_512_Ey_3584.tif,f110930t01p00r09rdn_c_sc01_ort_img,0,3072,512,3584,107,1,224,uint16,0.50224,0.09409,22 29
train,f110930t01p00r09rdn_c_sc01_ort_img_Sx_0_Sy_4608_Ex_512_Ey_5120.tif,f110930t01p00r09rdn_c_sc01_ort_img,0,4608,512,5120,108,1,224,uint16,0.33507,0.0907,22 25
train,f110930t01p00r09rdn_c_sc01_ort_img_Sx_327_Sy_1024_Ex_839_Ey_1536.tif,f110930t01p00r09rdn_c_sc01_ort_img,327,1024,839,1536,109,1,224,uint16,0.39804,0.06598,22 29
train,f110930t01p00r09rdn_c_sc01_ort_img_Sx_327_Sy_2560_Ex_839_Ey_3072.tif,f110930t01p00r09rdn_c_sc01_ort_img,327,2560,839,3072,106,1,224,uint16,0.45108,0.13702,22 29
train,f110930t01p00r09rdn_c_sc01_ort_img_Sx_327_Sy_3072_Ex_839_Ey_3584.tif,f110930t01p00r09rdn_c_sc01_ort_img,327,3072,839,3584,107,1,224,uint16,0.62042,0.11905,22 25 29
train,f110930t01p00r09rdn_c_sc01_ort_img_Sx_327_Sy_4608_Ex_839_Ey_5120.tif,f110930t01p00r09rdn_c_sc01_ort_img,327,4608,839,5120,108,1,224,uint16,0.40952,0.12424,22 25 29
train,f110930t01p00r09rdn_c_sc01_ort_img_Sx_327_Sy_512_Ex_839_Ey_1024.tif,f110930t01p00r09rdn_c_sc01_ort_img,327,512,839,1024,110,1,224,uint16,0.43369,0.12656,22 29
train,f110930t01p00r09rdn_c_sc01_ort_img_Sx_327_Sy_7168_Ex_839_Ey_7680.tif,f110930t01p00r09rdn_c_sc01_ort_img,327,7168,839,7680,111,1,224,uint16,0.43443,0.16437,25 29
train,f110930t01p00r10rdn_c_sc01_ort_img_Sx_453_Sy_4096_Ex_965_Ey_4608.tif,f110930t01p00r10rdn_c_sc01_ort_img,453,4096,965,4608,112,1,224,uint16,0.36906,0.17081,7 10
train,f110930t01p00r15rdn_c_sc01_ort_img_Sx_0_Sy_4096_Ex_512_Ey_4608.tif,f110930t01p00r15rdn_c_sc01_ort_img,0,4096,512,4608,113,1,224,uint16,0.33109,0.1701,3 10
train,f111001t01p00r02rdn_c_sc01_ort_img_Sx_0_Sy_4608_Ex_512_Ey_5120.tif,f111001t01p00r02rdn_c_sc01_ort_img,0,4608,512,5120,114,1,224,uint16,0.0227,0.18103,23
train,f111001t01p00r02rdn_c_sc01_ort_img_Sx_0_Sy_9216_Ex_512_Ey_9728.tif,f111001t01p00r02rdn_c_sc01_ort_img,0,9216,512,9728,115,1,224,uint16,0.03877,0.14819,20
train,f111001t01p00r02rdn_c_sc01_ort_img_Sx_311_Sy_5120_Ex_823_Ey_5632.tif,f111001t01p00r02rdn_c_sc01_ort_img,311,5120,823,5632,116,1,224,uint16,0.09293,0.11304,23
train,f111001t01p00r02rdn_c_sc01_ort_img_Sx_311_Sy_5632_Ex_823_Ey_6144.tif,f111001t01p00r02rdn_c_sc01_ort_img,311,5632,823,6144,117,1,224,uint16,0.02077,0.13931,20
train,f111001t01p00r02rdn_c_sc01_ort_img_Sx_311_Sy_6144_Ex_823_Ey_6656.tif,f111001t01p00r02rdn_c_sc01_ort_img,311,6144,823,6656,118,1,224,uint16,0.01906,0.08472,23
train,f111001t01p00r02rdn_c_sc01_ort_img_Sx_311_Sy_9216_Ex_823_Ey_9728.tif,f111001t01p00r02rdn_c_sc01_ort_img,311,9216,823,9728,115,1,224,uint16,0.13906,0.08905,19
train,f111001t01p00r03rdn_c_sc01_ort_img_Sx_0_Sy_10240_Ex_512_Ey_10752.tif,f111001t01p00r03rdn_c_sc01_ort_img,0,10240,512,10752,119,1,224,uint16,0.11742,0.4064,19 20
train,f111001t01p00r03rdn_c_sc01_ort_img_Sx_0_Sy_10752_Ex_512_Ey_11264.tif,f111001t01p00r03rdn_c_sc01_ort_img,0,10752,512,11264,120,1,224,uint16,0.007,0.78989,20
train,f111001t01p00r03rdn_c_sc01_ort_img_Sx_0_Sy_10766_Ex_512_Ey_11278.tif,f111001t01p00r03rdn_c_sc01_ort_img,0,10766,512,11278,120,1,224,uint16,0.0062,0.79965,20
train,f111001t01p00r03rdn_c_sc01_ort_img_Sx_0_Sy_9216_Ex_512_Ey_9728.tif,f111001t01p00r03rdn_c_sc01_ort_img,0,9216,512,9728,121,1,224,uint16,0.01534,0.24359,20
train,f111001t01p00r03rdn_c_sc01_ort_img_Sx_512_Sy_10766_Ex_1024_Ey_11278.tif,f111001t01p00r03rdn_c_sc01_ort_img,512,10766,1024,11278,122,1,224,uint16,0.15548,0.1105,19 20
train,f111001t01p00r03rdn_c_sc01_ort_img_Sx_512_Sy_8704_Ex_1024_Ey_9216.tif,f111001t01p00r03rdn_c_sc01_ort_img,512,8704,1024,9216,123,1,224,uint16,0.02066,0.40948,20
train,f111001t01p00r03rdn_c_sc01_ort_img_Sx_512_Sy_9216_Ex_1024_Ey_9728.tif,f111001t01p00r03rdn_c_sc01_ort_img,512,9216,1024,9728,124,1,224,uint16,0.07562,0.35876,20
train,f111001t01p00r03rdn_c_sc01_ort_img_Sx_512_Sy_9728_Ex_1024_Ey_10240.tif,f111001t01p00r03rdn_c_sc01_ort_img,512,9728,1024,10240,125,1,224,uint16,0.16245,0.22595,2 19 20
train,f111001t01p00r03rdn_c_sc01_ort_img_Sx_573_Sy_10766_Ex_1085_Ey_11278.tif,f111001t01p00r03rdn_c_sc01_ort_img,573,10766,1085,11278,122,1,224,uint16,0.09116,0.17502,19
train,f111001t01p00r03rdn_c_sc01_ort_img_Sx_573_Sy_4608_Ex_1085_Ey_5120.tif,f111001t01p00r03rdn_c_sc01_ort_img,573,4608,1085,5120,126,1,224,uint16,0.01237,0.40607,20
train,f111001t01p00r03rdn_c_sc01_ort_img_Sx_573_Sy_8704_Ex_1085_Ey_9216.tif,f111001t01p00r03rdn_c_sc01_ort_img,573,8704,1085,9216,123,1,224,uint16,0.02066,0.52863,20
train,f111001t01p00r03rdn_c_sc01_ort_img_Sx_573_Sy_9216_Ex_1085_Ey_9728.tif,f111001t01p00r03rdn_c_sc01_ort_img,573,9216,1085,9728,124,1,224,uint16,0.08417,0.47791,2 20
train,f111001t01p00r03rdn_c_sc01_ort_img_Sx_573_Sy_9728_Ex_1085_Ey_10240.tif,f111001t01p00r03rdn_c_sc01_ort_img,573,9728,1085,10240,125,1,224,uint16,0.09887,0.34253,19 20
train,f111001t01p00r04rdn_c_sc01_ort_img_Sx_0_Sy_8704_Ex_512_Ey_9216.tif,f111001t01p00r04rdn_c_sc01_ort_img,0,8704,512,9216,127,1,224,uint16,0.02587,0.13266,16
train,f111001t01p00r04rdn_c_sc01_ort_img_Sx_0_Sy_9924_Ex_512_Ey_10436.tif,f111001t01p00r04rdn_c_sc01_ort_img,0,9924,512,10436,128,1,224,uint16,0.01908,0.40265,20
train,f111007t01p00r05rdn_c_sc01_ort_img_Sx_473_Sy_1024_Ex_985_Ey_1536.tif,f111007t01p00r05rdn_c_sc01_ort_img,473,1024,985,1536,129,1,224,uint16,0.26253,0.18021,5 7
train,f111008t01p00r02rdn_c_sc01_ort_img_Sx_0_Sy_1024_Ex_512_Ey_1536.tif,f111008t01p00r02rdn_c_sc01_ort_img,0,1024,512,1536,130,1,224,uint16,0.61089,0.23483,5 6
train,f111008t01p00r03rdn_c_sc01_ort_img_Sx_0_Sy_1536_Ex_512_Ey_2048.tif,f111008t01p00r03rdn_c_sc01_ort_img,0,1536,512,2048,131,1,224,uint16,0.54915,0.26672,1 5 6
train,f111008t01p00r03rdn_c_sc01_ort_img_Sx_371_Sy_1024_Ex_883_Ey_1536.tif,f111008t01p00r03rdn_c_sc01_ort_img,371,1024,883,1536,132,1,224,uint16,0.22838,0.07214,5 7
train,f111008t01p00r03rdn_c_sc01_ort_img_Sx_371_Sy_1536_Ex_883_Ey_2048.tif,f111008t01p00r03rdn_c_sc01_ort_img,371,1536,883,2048,131,1,224,uint16,0.42077,0.06506,5 6
train,f111008t01p00r08rdn_c_sc01_ort_img_Sx_359_Sy_512_Ex_871_Ey_1024.tif,f111008t01p00r08rdn_c_sc01_ort_img,359,512,871,1024,133,1,224,uint16,0.32027,0.19592,5 6
train,f111012t01p00r16rdn_c_sc01_ort_img_Sx_0_Sy_512_Ex_512_Ey_1024.tif,f111012t01p00r16rdn_c_sc01_ort_img,0,512,512,1024,134,1,224,uint16,0.59115,0.13614,5 6
train,f111012t01p00r17rdn_c_sc01_ort_img_Sx_593_Sy_10240_Ex_1105_Ey_10752.tif,f111012t01p00r17rdn_c_sc01_ort_img,593,10240,1105,10752,135,1,224,uint16,0.54182,0.21259,5 6
train,f111014t01p00r16rdn_c_sc01_ort_img_Sx_512_Sy_1536_Ex_1024_Ey_2048.tif,f111014t01p00r16rdn_c_sc01_ort_img,512,1536,1024,2048,136,1,224,uint16,0.25142,0.1785,5 6
train,f111014t01p00r16rdn_c_sc01_ort_img_Sx_527_Sy_1536_Ex_1039_Ey_2048.tif,f111014t01p00r16rdn_c_sc01_ort_img,527,1536,1039,2048,136,1,224,uint16,0.24069,0.20779,5 6
train,f111014t01p00r17rdn_c_sc01_ort_img_Sx_512_Sy_512_Ex_1024_Ey_1024.tif,f111014t01p00r17rdn_c_sc01_ort_img,512,512,1024,1024,137,1,224,uint16,0.16799,0.12366,6
train,f111014t01p00r18rdn_c_sc01_ort_img_Sx_500_Sy_1024_Ex_1012_Ey_1536.tif,f111014t01p00r18rdn_c_sc01_ort_img,500,1024,1012,1536,138,1,224,uint16,0.49801,0.21835,5 6
train,f111014t01p00r18rdn_c_sc01_ort_img_Sx_500_Sy_512_Ex_1012_Ey_1024.tif,f111014t01p00r18rdn_c_sc01_ort_img,500,512,1012,1024,139,1,224,uint16,0.4061,0.12573,5 6
train,f111016t01p00r06rdn_c_sc01_ort_img_Sx_0_Sy_1866_Ex_512_Ey_2378.tif,f111016t01p00r06rdn_c_sc01_ort_img,0,1866,512,2378,140,1,224,uint16,0.3375,0.22287,7
train,f111016t01p00r08rdn_c_sc01_ort_img_Sx_512_Sy_3584_Ex_1024_Ey_4096.tif,f111016t01p00r08rdn_c_sc01_ort_img,512,3584,1024,4096,141,1,224,uint16,0.54424,0.25156,6 7
train,f111016t01p00r15rdn_c_sc01_ort_img_Sx_0_Sy_4096_Ex_512_Ey_4608.tif,f111016t01p00r15rdn_c_sc01_ort_img,0,4096,512,4608,142,1,224,uint16,0.42366,0.15039,1 6
train,f111020t01p00r03rdn_c_sc01_ort_img_Sx_512_Sy_12800_Ex_1024_Ey_13312.tif,f111020t01p00r03rdn_c_sc01_ort_img,512,12800,1024,13312,143,1,224,uint16,0.5417,0.00613,9 11
train,f111020t01p00r03rdn_c_sc01_ort_img_Sx_512_Sy_13171_Ex_1024_Ey_13683.tif,f111020t01p00r03rdn_c_sc01_ort_img,512,13171,1024,13683,143,1,224,uint16,0.44618,0.17111,10 11
train,f111020t01p00r03rdn_c_sc01_ort_img_Sx_512_Sy_6144_Ex_1024_Ey_6656.tif,f111020t01p00r03rdn_c_sc01_ort_img,512,6144,1024,6656,144,1,224,uint16,0.30497,0.22714,10
train,f111020t01p00r03rdn_c_sc01_ort_img_Sx_512_Sy_6656_Ex_1024_Ey_7168.tif,f111020t01p00r03rdn_c_sc01_ort_img,512,6656,1024,7168,145,1,224,uint16,0.35492,0.20013,1 10
train,f111020t01p00r03rdn_c_sc01_ort_img_Sx_512_Sy_7168_Ex_1024_Ey_7680.tif,f111020t01p00r03rdn_c_sc01_ort_img,512,7168,1024,7680,146,1,224,uint16,0.53593,0.19656,5 10
train,f111020t01p00r03rdn_c_sc01_ort_img_Sx_512_Sy_8192_Ex_1024_Ey_8704.tif,f111020t01p00r03rdn_c_sc01_ort_img,512,8192,1024,8704,147,1,224,uint16,0.05341,0.13986,1
train,f111020t01p00r03rdn_c_sc01_ort_img_Sx_540_Sy_10240_Ex_1052_Ey_10752.tif,f111020t01p00r03rdn_c_sc01_ort_img,540,10240,1052,10752,148,1,224,uint16,0.37816,0.12131,10 11
train,f111020t01p00r03rdn_c_sc01_ort_img_Sx_540_Sy_10752_Ex_1052_Ey_11264.tif,f111020t01p00r03rdn_c_sc01_ort_img,540,10752,1052,11264,149,1,224,uint16,0.42859,0.07745,10 11
train,f111020t01p00r03rdn_c_sc01_ort_img_Sx_540_Sy_12288_Ex_1052_Ey_12800.tif,f111020t01p00r03rdn_c_sc01_ort_img,540,12288,1052,12800,150,1,224,uint16,0.49374,0.06812,5 11
train,f111020t01p00r03rdn_c_sc01_ort_img_Sx_540_Sy_13171_Ex_1052_Ey_13683.tif,f111020t01p00r03rdn_c_sc01_ort_img,540,13171,1052,13683,143,1,224,uint16,0.43483,0.20309,10 11
train,f111020t01p00r03rdn_c_sc01_ort_img_Sx_540_Sy_6144_Ex_1052_Ey_6656.tif,f111020t01p00r03rdn_c_sc01_ort_img,540,6144,1052,6656,144,1,224,uint16,0.56716,0.28183,5 10
train,f111020t01p00r03rdn_c_sc01_ort_img_Sx_540_Sy_6656_Ex_1052_Ey_7168.tif,f111020t01p00r03rdn_c_sc01_ort_img,540,6656,1052,7168,145,1,224,uint16,0.61874,0.25482,1 5 10
train,f111020t01p00r03rdn_c_sc01_ort_img_Sx_540_Sy_7168_Ex_1052_Ey_7680.tif,f111020t01p00r03rdn_c_sc01_ort_img,540,7168,1052,7680,146,1,224,uint16,0.50212,0.25125,5 10
train,f111020t01p00r03rdn_c_sc01_ort_img_Sx_540_Sy_8192_Ex_1052_Ey_8704.tif,f111020t01p00r03rdn_c_sc01_ort_img,540,8192,1052,8704,147,1,224,uint16,0.39225,0.19455,1 2 10
train,f111020t01p00r03rdn_c_sc01_ort_img_Sx_540_Sy_9728_Ex_1052_Ey_10240.tif,f111020t01p00r03rdn_c_sc01_ort_img,540,9728,1052,10240,151,1,224,uint16,0.46722,0.08014,10 11
train,f111020t01p00r06rdn_c_sc01_ort_img_Sx_595_Sy_8704_Ex_1107_Ey_9216.tif,f111020t01p00r06rdn_c_sc01_ort_img,595,8704,1107,9216,152,1,224,uint16,0.24117,0.2594,9 11
train,f111020t01p00r07rdn_c_sc01_ort_img_Sx_650_Sy_11776_Ex_1162_Ey_12288.tif,f111020t01p00r07rdn_c_sc01_ort_img,650,11776,1162,12288,153,1,224,uint16,0.09256,0.26093,1 9
train,f111021t01p00r03rdn_c_sc01_ort_img_Sx_0_Sy_1024_Ex_512_Ey_1536.tif,f111021t01p00r03rdn_c_sc01_ort_img,0,1024,512,1536,154,1,224,uint16,0.2498,0.08813,5
train,f111021t01p00r04rdn_c_sc01_ort_img_Sx_0_Sy_1536_Ex_512_Ey_2048.tif,f111021t01p00r04rdn_c_sc01_ort_img,0,1536,512,2048,155,1,224,uint16,0.19092,0.21841,1 11
train,f111021t01p00r04rdn_c_sc01_ort_img_Sx_512_Sy_6656_Ex_1024_Ey_7168.tif,f111021t01p00r04rdn_c_sc01_ort_img,512,6656,1024,7168,156,1,224,uint16,0.09143,0.08008,9
train,f111021t01p00r04rdn_c_sc01_ort_img_Sx_512_Sy_7168_Ex_1024_Ey_7680.tif,f111021t01p00r04rdn_c_sc01_ort_img,512,7168,1024,7680,157,1,224,uint16,0.18642,0.09167,9
train,f111109t01p00r05rdn_c_sc01_ort_img_Sx_331_Sy_4608_Ex_843_Ey_5120.tif,f111109t01p00r05rdn_c_sc01_ort_img,331,4608,843,5120,158,1,224,uint16,0.3139,0.0257,1 6 7
train,f111114t01p00r04rdn_c_sc01_ort_img_Sx_247_Sy_1024_Ex_759_Ey_1536.tif,f111114t01p00r04rdn_c_sc01_ort_img,247,1024,759,1536,159,1,224,uint16,0.38407,0.02597,12
train,f111114t01p00r05rdn_c_sc01_ort_img_Sx_285_Sy_4096_Ex_797_Ey_4608.tif,f111114t01p00r05rdn_c_sc01_ort_img,285,4096,797,4608,160,1,224,uint16,0.52269,0.06732,12
train,f111114t01p00r10rdn_c_sc01_ort_img_Sx_399_Sy_12559_Ex_911_Ey_13071.tif,f111114t01p00r10rdn_c_sc01_ort_img,399,12559,911,13071,161,1,224,uint16,0.29188,0.10687,12
train,f111114t01p00r11rdn_c_sc01_ort_img_Sx_0_Sy_2048_Ex_512_Ey_2560.tif,f111114t01p00r11rdn_c_sc01_ort_img,0,2048,512,2560,162,1,224,uint16,0.24985,0.26331,10 11
train,f111114t01p00r11rdn_c_sc01_ort_img_Sx_488_Sy_10752_Ex_1000_Ey_11264.tif,f111114t01p00r11rdn_c_sc01_ort_img,488,10752,1000,11264,163,1,224,uint16,0.46683,0.03632,12
train,f111114t01p00r12rdn_c_sc01_ort_img_Sx_0_Sy_9728_Ex_512_Ey_10240.tif,f111114t01p00r12rdn_c_sc01_ort_img,0,9728,512,10240,164,1,224,uint16,0.23333,0.0603,12
train,f111114t01p00r12rdn_c_sc01_ort_img_Sx_418_Sy_10752_Ex_930_Ey_11264.tif,f111114t01p00r12rdn_c_sc01_ort_img,418,10752,930,11264,165,1,224,uint16,0.23738,0.04221,12
train,f111114t01p00r12rdn_c_sc01_ort_img_Sx_418_Sy_8704_Ex_930_Ey_9216.tif,f111114t01p00r12rdn_c_sc01_ort_img,418,8704,930,9216,166,1,224,uint16,0.25819,0.03571,12
train,f111115t01p00r13rdn_c_sc01_ort_img_Sx_512_Sy_1024_Ex_1024_Ey_1536.tif,f111115t01p00r13rdn_c_sc01_ort_img,512,1024,1024,1536,167,1,224,uint16,0.42202,3e-05,12
train,f111116t01p00r18rdn_c_sc01_ort_img_Sx_512_Sy_1024_Ex_1024_Ey_1536.tif,f111116t01p00r18rdn_c_sc01_ort_img,512,1024,1024,1536,168,1,224,uint16,0.46992,0.16934,12
train,f120920t01p00r05rdn_a_sc01_ort_img_Sx_0_Sy_0_Ex_512_Ey_512.tif,f120920t01p00r05rdn_a_sc01_ort_img,0,0,512,512,169,1,224,uint16,0.09161,0.13583,8
train,f120920t01p00r05rdn_a_sc01_ort_img_Sx_337_Sy_0_Ex_849_Ey_512.tif,f120920t01p00r05rdn_a_sc01_ort_img,337,0,849,512,169,0,224,uint16,0.2936,0.19696,19
train,f120927t01p00r02rdn_a_sc01_ort_img_Sx_0_Sy_4608_Ex_512_Ey_5120.tif,f120927t01p00r02rdn_a_sc01_ort_img,0,4608,512,5120,170,1,224,uint16,0.35021,0.26874,10 11
train,f120927t01p00r03rdn_a_sc01_ort_img_Sx_512_Sy_10240_Ex_1024_Ey_10752.tif,f120927t01p00r03rdn_a_sc01_ort_img,512,10240,1024,10752,171,1,224,uint16,0.27593,0.02762,9 11
train,f120927t01p00r03rdn_a_sc01_ort_img_Sx_512_Sy_12189_Ex_1024_Ey_12701.tif,f120927t01p00r03rdn_a_sc01_ort_img,512,12189,1024,12701,172,1,224,uint16,0.43624,0.09708,9 11
train,f120927t01p00r03rdn_a_sc01_ort_img_Sx_607_Sy_10240_Ex_1119_Ey_10752.tif,f120927t01p00r03rdn_a_sc01_ort_img,607,10240,1119,10752,171,1,224,uint16,0.22938,0.19382,9 11
train,f120929t01p00r04rdn_a_sc01_ort_img_Sx_512_Sy_9728_Ex_1024_Ey_10240.tif,f120929t01p00r04rdn_a_sc01_ort_img,512,9728,1024,10240,173,1,224,uint16,0.34834,0.03546,9 11
train,f120929t01p00r08rdn_a_sc01_ort_img_Sx_0_Sy_0_Ex_512_Ey_512.tif,f120929t01p00r08rdn_a_sc01_ort_img,0,0,512,512,174,1,224,uint16,0.64576,0.15347,1 10 11
train,f120929t01p00r08rdn_a_sc01_ort_img_Sx_512_Sy_9728_Ex_1024_Ey_10240.tif,f120929t01p00r08rdn_a_sc01_ort_img,512,9728,1024,10240,175,1,224,uint16,0.58672,0.07681,9 11
train,f120929t01p00r09rdn_a_sc01_ort_img_Sx_512_Sy_10121_Ex_1024_Ey_10633.tif,f120929t01p00r09rdn_a_sc01_ort_img,512,10121,1024,10633,176,1,224,uint16,0.28619,0.07761,9 11
train,f120929t01p00r10rdn_a_sc01_ort_img_Sx_0_Sy_0_Ex_512_Ey_512.tif,f120929t01p00r10rdn_a_sc01_ort_img,0,0,512,512,177,1,224,uint16,0.73373,0.13461,5 10 11
train,f120929t01p00r10rdn_a_sc01_ort_img_Sx_512_Sy_10059_Ex_1024_Ey_10571.tif,f120929t01p00r10rdn_a_sc01_ort_img,512,10059,1024,10571,178,1,224,uint16,0.52623,0.10687,1 5 9
train,f120929t01p00r10rdn_a_sc01_ort_img_Sx_552_Sy_10059_Ex_1064_Ey_10571.tif,f120929t01p00r10rdn_a_sc01_ort_img,552,10059,1064,10571,178,1,224,uint16,0.49716,0.16617,1 5 9
train,f120929t01p00r12rdn_a_sc01_ort_img_Sx_512_Sy_8192_Ex_1024_Ey_8704.tif,f120929t01p00r12rdn_a_sc01_ort_img,512,8192,1024,8704,179,1,224,uint16,0.31446,0.06241,5 9
train,f120929t01p00r12rdn_a_sc01_ort_img_Sx_512_Sy_9216_Ex_1024_Ey_9728.tif,f120929t01p00r12rdn_a_sc01_ort_img,512,9216,1024,9728,180,1,224,uint16,0.57713,0.03674,1 5 11
train,f120929t01p00r13rdn_a_sc01_ort_img_Sx_0_Sy_0_Ex_512_Ey_512.tif,f120929t01p00r13rdn_a_sc01_ort_img,0,0,512,512,181,0,224,uint16,0.4228,0.15762,9 10
train,f120929t01p00r13rdn_a_sc01_ort_img_Sx_0_Sy_1024_Ex_512_Ey_1536.tif,f120929t01p00r13rdn_a_sc01_ort_img,0,1024,512,1536,182,1,224,uint16,0.50517,0.19583,1 5 10
train,f120929t01p00r13rdn_a_sc01_ort_img_Sx_0_Sy_2560_Ex_512_Ey_3072.tif,f120929t01p00r13rdn_a_sc01_ort_img,0,2560,512,3072,183,1,224,uint16,0.47102,0.27725,1 5 10
train,f120929t01p00r13rdn_a_sc01_ort_img_Sx_0_Sy_512_Ex_512_Ey_1024.tif,f120929t01p00r13rdn_a_sc01_ort_img,0,512,512,1024,184,1,224,uint16,0.51292,0.16193,1 2 5 10
train,f120929t01p00r13rdn_a_sc01_ort_img_Sx_512_Sy_9728_Ex_1024_Ey_10240.tif,f120929t01p00r13rdn_a_sc01_ort_img,512,9728,1024,10240,185,1,224,uint16,0.51562,0.00803,9 11
train,f120929t01p00r13rdn_a_sc01_ort_img_Sx_512_Sy_9974_Ex_1024_Ey_10486.tif,f120929t01p00r13rdn_a_sc01_ort_img,512,9974,1024,10486,185,1,224,uint16,0.50977,0.06934,9 11
train,f120929t01p00r13rdn_a_sc01_ort_img_Sx_576_Sy_6144_Ex_1088_Ey_6656.tif,f120929t01p00r13rdn_a_sc01_ort_img,576,6144,1088,6656,186,1,224,uint16,0.55778,0.27707,1 5 10
train,f120929t01p00r13rdn_a_sc01_ort_img_Sx_576_Sy_9728_Ex_1088_Ey_10240.tif,f120929t01p00r13rdn_a_sc01_ort_img,576,9728,1088,10240,185,1,224,uint16,0.46487,0.10184,9 11
train,f120929t01p00r13rdn_a_sc01_ort_img_Sx_576_Sy_9974_Ex_1088_Ey_10486.tif,f120929t01p00r13rdn_a_sc01_ort_img,576,9974,1088,10486,185,1,224,uint16,0.43114,0.15814,9 11
train,f120930t01p00r02rdn_a_sc01_ort_img_Sx_0_Sy_0_Ex_512_Ey_512.tif,f120930t01p00r02rdn_a_sc01_ort_img,0,0,512,512,187,0,224,uint16,0.17938,0.13635,1 11
train,f120930t01p00r02rdn_a_sc01_ort_img_Sx_512_Sy_7680_Ex_1024_Ey_8192.tif,f120930t01p00r02rdn_a_sc01_ort_img,512,7680,1024,8192,188,1,224,uint16,0.11388,0.1138,10
train,f120930t01p00r02rdn_a_sc01_ort_img_Sx_512_Sy_8704_Ex_1024_Ey_9216.tif,f120930t01p00r02rdn_a_sc01_ort_img,512,8704,1024,9216,189,1,224,uint16,0.40134,0.10938,9 10
train,f120930t01p00r04rdn_a_sc01_ort_img_Sx_0_Sy_1536_Ex_512_Ey_2048.tif,f120930t01p00r04rdn_a_sc01_ort_img,0,1536,512,2048,190,1,224,uint16,0.1243,0.26239,11
train,f120930t01p00r04rdn_a_sc01_ort_img_Sx_0_Sy_2048_Ex_512_Ey_2560.tif,f120930t01p00r04rdn_a_sc01_ort_img,0,2048,512,2560,191,1,224,uint16,0.35616,0.29755,9 11
train,f120930t01p00r04rdn_a_sc01_ort_img_Sx_0_Sy_512_Ex_512_Ey_1024.tif,f120930t01p00r04rdn_a_sc01_ort_img,0,512,512,1024,192,1,224,uint16,0.29824,0.25375,1 9 11
train,f120930t01p00r04rdn_a_sc01_ort_img_Sx_420_Sy_1024_Ex_932_Ey_1536.tif,f120930t01p00r04rdn_a_sc01_ort_img,420,1024,932,1536,193,1,224,uint16,0.50278,0.14383,10 11
train,f120930t01p00r04rdn_a_sc01_ort_img_Sx_420_Sy_1536_Ex_932_Ey_2048.tif,f120930t01p00r04rdn_a_sc01_ort_img,420,1536,932,2048,190,1,224,uint16,0.11561,0.16156,11
train,f120930t01p00r04rdn_a_sc01_ort_img_Sx_420_Sy_2319_Ex_932_Ey_2831.tif,f120930t01p00r04rdn_a_sc01_ort_img,420,2319,932,2831,191,1,224,uint16,0.10195,0.13269,1 9
train,f120930t01p00r06rdn_a_sc01_ort_img_Sx_0_Sy_1024_Ex_512_Ey_1536.tif,f120930t01p00r06rdn_a_sc01_ort_img,0,1024,512,1536,194,1,224,uint16,0.48303,0.2092,9 10
train,f120930t01p00r06rdn_a_sc01_ort_img_Sx_0_Sy_1536_Ex_512_Ey_2048.tif,f120930t01p00r06rdn_a_sc01_ort_img,0,1536,512,2048,195,1,224,uint16,0.43285,0.17252,2 9 10
train,f120930t01p00r06rdn_a_sc01_ort_img_Sx_0_Sy_2048_Ex_512_Ey_2560.tif,f120930t01p00r06rdn_a_sc01_ort_img,0,2048,512,2560,196,1,224,uint16,0.33864,0.18777,9 10
train,f120930t01p00r06rdn_a_sc01_ort_img_Sx_0_Sy_512_Ex_512_Ey_1024.tif,f120930t01p00r06rdn_a_sc01_ort_img,0,512,512,1024,197,1,224,uint16,0.72932,0.16241,5 10 11
train,f120930t01p00r06rdn_a_sc01_ort_img_Sx_400_Sy_1536_Ex_912_Ey_2048.tif,f120930t01p00r06rdn_a_sc01_ort_img,400,1536,912,2048,195,1,224,uint16,0.27612,0.13248,1 5
train,f120930t01p00r09rdn_a_sc01_ort_img_Sx_0_Sy_1536_Ex_512_Ey_2048.tif,f120930t01p00r09rdn_a_sc01_ort_img,0,1536,512,2048,198,1,224,uint16,0.38285,0.2901,9 11
train,f120930t01p00r09rdn_a_sc01_ort_img_Sx_410_Sy_1024_Ex_922_Ey_1536.tif,f120930t01p00r09rdn_a_sc01_ort_img,410,1024,922,1536,199,1,224,uint16,0.48965,0.16208,1 9 11
train,f120930t01p00r09rdn_a_sc01_ort_img_Sx_410_Sy_1536_Ex_922_Ey_2048.tif,f120930t01p00r09rdn_a_sc01_ort_img,410,1536,922,2048,198,1,224,uint16,0.46615,0.13605,9 11
train,f120930t01p00r09rdn_a_sc01_ort_img_Sx_410_Sy_512_Ex_922_Ey_1024.tif,f120930t01p00r09rdn_a_sc01_ort_img,410,512,922,1024,200,1,224,uint16,0.41644,0.15439,9 11
train,f120930t01p00r10rdn_a_sc01_ort_img_Sx_512_Sy_1536_Ex_1024_Ey_2048.tif,f120930t01p00r10rdn_a_sc01_ort_img,512,1536,1024,2048,201,1,224,uint16,0.25755,0.11832,9 11
train,f120930t01p00r10rdn_a_sc01_ort_img_Sx_512_Sy_2048_Ex_1024_Ey_2560.tif,f120930t01p00r10rdn_a_sc01_ort_img,512,2048,1024,2560,202,1,224,uint16,0.3824,0.10788,9 11
train,f121019t01p00r13rdn_a_sc01_ort_img_Sx_512_Sy_512_Ex_1024_Ey_1024.tif,f121019t01p00r13rdn_a_sc01_ort_img,512,512,1024,1024,203,1,224,uint16,0.7744,0.16971,2 5 6
train,f121019t01p00r16rdn_a_sc01_ort_img_Sx_0_Sy_512_Ex_512_Ey_1024.tif,f121019t01p00r16rdn_a_sc01_ort_img,0,512,512,1024,204,1,224,uint16,0.41326,0.1438,6 7
train,f121020t01p00r03rdn_a_sc01_ort_img_Sx_0_Sy_1536_Ex_512_Ey_2048.tif,f121020t01p00r03rdn_a_sc01_ort_img,0,1536,512,2048,205,1,224,uint16,0.50853,0.27472,5 6
train,f121020t01p00r03rdn_a_sc01_ort_img_Sx_0_Sy_512_Ex_512_Ey_1024.tif,f121020t01p00r03rdn_a_sc01_ort_img,0,512,512,1024,206,1,224,uint16,0.33121,0.28339,5 7
train,f121020t01p00r03rdn_a_sc01_ort_img_Sx_395_Sy_1536_Ex_907_Ey_2048.tif,f121020t01p00r03rdn_a_sc01_ort_img,395,1536,907,2048,205,1,224,uint16,0.28036,0.12286,5 6
train,f130803t01p00r05rdn_e_sc01_ort_img_Sx_0_Sy_1536_Ex_512_Ey_2048.tif,f130803t01p00r05rdn_e_sc01_ort_img,0,1536,512,2048,207,1,224,uint16,0.16071,0.16797,12
train,f130803t01p00r05rdn_e_sc01_ort_img_Sx_368_Sy_1536_Ex_880_Ey_2048.tif,f130803t01p00r05rdn_e_sc01_ort_img,368,1536,880,2048,207,1,224,uint16,0.64716,0.05869,10 25
train,f130803t01p00r06rdn_e_sc01_ort_img_Sx_0_Sy_0_Ex_512_Ey_512.tif,f130803t01p00r06rdn_e_sc01_ort_img,0,0,512,512,208,0,224,uint16,0.52962,0.14648,12 25
train,f130803t01p00r06rdn_e_sc01_ort_img_Sx_0_Sy_2048_Ex_512_Ey_2560.tif,f130803t01p00r06rdn_e_sc01_ort_img,0,2048,512,2560,209,1,224,uint16,0.49439,0.23459,10 25
train,f130803t01p00r06rdn_e_sc01_ort_img_Sx_0_Sy_3584_Ex_512_Ey_4096.tif,f130803t01p00r06rdn_e_sc01_ort_img,0,3584,512,4096,210,1,224,uint16,0.08498,0.29852,25
train,f130803t01p00r06rdn_e_sc01_ort_img_Sx_402_Sy_0_Ex_914_Ey_512.tif,f130803t01p00r06rdn_e_sc01_ort_img,402,0,914,512,208,1,224,uint16,0.40894,0.1358,10 25
train,f130803t01p00r07rdn_e_sc01_ort_img_Sx_0_Sy_1536_Ex_512_Ey_2048.tif,f130803t01p00r07rdn_e_sc01_ort_img,0,1536,512,2048,211,1,224,uint16,0.11155,0.28384,25
train,f130803t01p00r07rdn_e_sc01_ort_img_Sx_464_Sy_2048_Ex_976_Ey_2560.tif,f130803t01p00r07rdn_e_sc01_ort_img,464,2048,976,2560,212,1,224,uint16,0.20017,0.16055,12
train,f130803t01p00r08rdn_e_sc01_ort_img_Sx_0_Sy_1536_Ex_512_Ey_2048.tif,f130803t01p00r08rdn_e_sc01_ort_img,0,1536,512,2048,213,1,224,uint16,0.65558,0.17935,10 11 25
train,f130803t01p00r09rdn_e_sc01_ort_img_Sx_495_Sy_1536_Ex_1007_Ey_2048.tif,f130803t01p00r09rdn_e_sc01_ort_img,495,1536,1007,2048,214,1,224,uint16,0.69196,0.16013,10 11 25
train,f130803t01p00r11rdn_e_sc01_ort_img_Sx_0_Sy_0_Ex_512_Ey_512.tif,f130803t01p00r11rdn_e_sc01_ort_img,0,0,512,512,215,1,224,uint16,0.77874,0.06525,8 19
train,f130803t01p00r11rdn_e_sc01_ort_img_Sx_0_Sy_1024_Ex_512_Ey_1536.tif,f130803t01p00r11rdn_e_sc01_ort_img,0,1024,512,1536,216,1,224,uint16,0.70198,0.05786,13 16 19 21 22
train,f130803t01p00r11rdn_e_sc01_ort_img_Sx_0_Sy_2048_Ex_512_Ey_2560.tif,f130803t01p00r11rdn_e_sc01_ort_img,0,2048,512,2560,217,1,224,uint16,0.74755,0.07895,16 21 29 30
train,f130803t01p00r11rdn_e_sc01_ort_img_Sx_0_Sy_2560_Ex_512_Ey_3072.tif,f130803t01p00r11rdn_e_sc01_ort_img,0,2560,512,3072,218,1,224,uint16,0.63514,0.10492,8 18 21 30
train,f130803t01p00r11rdn_e_sc01_ort_img_Sx_0_Sy_3072_Ex_512_Ey_3584.tif,f130803t01p00r11rdn_e_sc01_ort_img,0,3072,512,3584,219,1,224,uint16,0.28269,0.09213,16 21
train,f130803t01p00r11rdn_e_sc01_ort_img_Sx_0_Sy_3282_Ex_512_Ey_3794.tif,f130803t01p00r11rdn_e_sc01_ort_img,0,3282,512,3794,219,1,224,uint16,0.29243,0.16318,21
train,f130803t01p00r11rdn_e_sc01_ort_img_Sx_0_Sy_512_Ex_512_Ey_1024.tif,f130803t01p00r11rdn_e_sc01_ort_img,0,512,512,1024,220,1,224,uint16,0.7504,0.0499,19 22
train,f130803t01p00r11rdn_e_sc01_ort_img_Sx_301_Sy_0_Ex_813_Ey_512.tif,f130803t01p00r11rdn_e_sc01_ort_img,301,0,813,512,215,0,224,uint16,0.60295,0.19205,8 19
train,f130803t01p00r11rdn_e_sc01_ort_img_Sx_301_Sy_1024_Ex_813_Ey_1536.tif,f130803t01p00r11rdn_e_sc01_ort_img,301,1024,813,1536,216,1,224,uint16,0.72123,0.10977,13 16 21 22
train,f130803t01p00r11rdn_e_sc01_ort_img_Sx_301_Sy_2048_Ex_813_Ey_2560.tif,f130803t01p00r11rdn_e_sc01_ort_img,301,2048,813,2560,217,1,224,uint16,0.68915,0.07974,16 21 30
train,f130803t01p00r11rdn_e_sc01_ort_img_Sx_301_Sy_2560_Ex_813_Ey_3072.tif,f130803t01p00r11rdn_e_sc01_ort_img,301,2560,813,3072,218,1,224,uint16,0.45904,0.0535,21 30
train,f130803t01p00r11rdn_e_sc01_ort_img_Sx_301_Sy_3282_Ex_813_Ey_3794.tif,f130803t01p00r11rdn_e_sc01_ort_img,301,3282,813,3794,219,1,224,uint16,0.5172,0.08975,16 21 22
train,f130803t01p00r11rdn_e_sc01_ort_img_Sx_301_Sy_512_Ex_813_Ey_1024.tif,f130803t01p00r11rdn_e_sc01_ort_img,301,512,813,1024,220,1,224,uint16,0.43242,0.11646,19 22
train,f130803t01p00r14rdn_e_sc01_ort_img_Sx_0_Sy_0_Ex_512_Ey_512.tif,f130803t01p00r14rdn_e_sc01_ort_img,0,0,512,512,221,1,224,uint16,0.35526,0.18137,24
train,f130803t01p00r14rdn_e_sc01_ort_img_Sx_0_Sy_2560_Ex_512_Ey_3072.tif,f130803t01p00r14rdn_e_sc01_ort_img,0,2560,512,3072,222,1,224,uint16,0.69739,0.0477,24 30
train,f130803t01p00r14rdn_e_sc01_ort_img_Sx_0_Sy_2811_Ex_512_Ey_3323.tif,f130803t01p00r14rdn_e_sc01_ort_img,0,2811,512,3323,222,1,224,uint16,0.6121,0.09085,24
train,f130803t01p00r14rdn_e_sc01_ort_img_Sx_332_Sy_0_Ex_844_Ey_512.tif,f130803t01p00r14rdn_e_sc01_ort_img,332,0,844,512,221,0,224,uint16,0.65462,0.10876,24 25 30
train,f130803t01p00r14rdn_e_sc01_ort_img_Sx_332_Sy_1024_Ex_844_Ey_1536.tif,f130803t01p00r14rdn_e_sc01_ort_img,332,1024,844,1536,223,1,224,uint16,0.48626,0.10733,24
train,f130803t01p00r14rdn_e_sc01_ort_img_Sx_332_Sy_2048_Ex_844_Ey_2560.tif,f130803t01p00r14rdn_e_sc01_ort_img,332,2048,844,2560,224,1,224,uint16,0.49581,0.16058,24
train,f130803t01p00r14rdn_e_sc01_ort_img_Sx_332_Sy_2811_Ex_844_Ey_3323.tif,f130803t01p00r14rdn_e_sc01_ort_img,332,2811,844,3323,222,1,224,uint16,0.57084,0.19061,2 24
train,f130803t01p00r14rdn_e_sc01_ort_img_Sx_332_Sy_512_Ex_844_Ey_1024.tif,f130803t01p00r14rdn_e_sc01_ort_img,332,512,844,1024,225,1,224,uint16,0.57292,0.08209,24 25
train,f130803t01p00r15rdn_e_sc01_ort_img_Sx_0_Sy_15360_Ex_512_Ey_15872.tif,f130803t01p00r15rdn_e_sc01_ort_img,0,15360,512,15872,226,1,224,uint16,0.40592,0.31357,18 19 27
train,f130803t01p00r15rdn_e_sc01_ort_img_Sx_0_Sy_19456_Ex_512_Ey_19968.tif,f130803t01p00r15rdn_e_sc01_ort_img,0,19456,512,19968,227,1,224,uint16,0.55071,0.26724,2 7 27 30
train,f130803t01p00r15rdn_e_sc01_ort_img_Sx_0_Sy_20480_Ex_512_Ey_20992.tif,f130803t01p00r15rdn_e_sc01_ort_img,0,20480,512,20992,228,1,224,uint16,0.43433,0.26157,27 30
train,f130803t01p00r15rdn_e_sc01_ort_img_Sx_0_Sy_23040_Ex_512_Ey_23552.tif,f130803t01p00r15rdn_e_sc01_ort_img,0,23040,512,23552,229,1,224,uint16,0.50129,0.23346,25 27
train,f130803t01p00r15rdn_e_sc01_ort_img_Sx_0_Sy_24576_Ex_512_Ey_25088.tif,f130803t01p00r15rdn_e_sc01_ort_img,0,24576,512,25088,230,1,224,uint16,0.34099,0.2182,27 29
train,f130803t01p00r15rdn_e_sc01_ort_img_Sx_0_Sy_4608_Ex_512_Ey_5120.tif,f130803t01p00r15rdn_e_sc01_ort_img,0,4608,512,5120,231,1,224,uint16,0.01608,0.35663,26
train,f130803t01p00r15rdn_e_sc01_ort_img_Sx_0_Sy_512_Ex_512_Ey_1024.tif,f130803t01p00r15rdn_e_sc01_ort_img,0,512,512,1024,232,1,224,uint16,0.0148,0.42004,26
train,f130803t01p00r15rdn_e_sc01_ort_img_Sx_0_Sy_27136_Ex_512_Ey_27648.tif,f130803t01p00r15rdn_e_sc01_ort_img,0,27136,512,27648,233,1,224,uint16,0.36285,0.21027,25 27
train,f130803t01p00r15rdn_e_sc01_ort_img_Sx_0_Sy_28672_Ex_512_Ey_29184.tif,f130803t01p00r15rdn_e_sc01_ort_img,0,28672,512,29184,234,1,224,uint16,0.46583,0.18246,27 28
train,f130803t01p00r15rdn_e_sc01_ort_img_Sx_0_Sy_29184_Ex_512_Ey_29696.tif,f130803t01p00r15rdn_e_sc01_ort_img,0,29184,512,29696,235,1,224,uint16,0.31638,0.19876,27 28
train,f130803t01p00r15rdn_e_sc01_ort_img_Sx_0_Sy_29380_Ex_512_Ey_29892.tif,f130803t01p00r15rdn_e_sc01_ort_img,0,29380,512,29892,235,1,224,uint16,0.24634,0.20422,22 27
train,f130803t01p00r15rdn_e_sc01_ort_img_Sx_512_Sy_12800_Ex_1024_Ey_13312.tif,f130803t01p00r15rdn_e_sc01_ort_img,512,12800,1024,13312,236,1,224,uint16,0.67618,0.09711,22 27
train,f130803t01p00r15rdn_e_sc01_ort_img_Sx_512_Sy_15360_Ex_1024_Ey_15872.tif,f130803t01p00r15rdn_e_sc01_ort_img,512,15360,1024,15872,237,1,224,uint16,0.02101,0.08676,14
train,f130803t01p00r15rdn_e_sc01_ort_img_Sx_512_Sy_1536_Ex_1024_Ey_2048.tif,f130803t01p00r15rdn_e_sc01_ort_img,512,1536,1024,2048,238,1,224,uint16,0.02273,0.04672,26
train,f130803t01p00r15rdn_e_sc01_ort_img_Sx_512_Sy_17920_Ex_1024_Ey_18432.tif,f130803t01p00r15rdn_e_sc01_ort_img,512,17920,1024,18432,239,1,224,uint16,0.66688,0.15237,27 29
train,f130803t01p00r15rdn_e_sc01_ort_img_Sx_512_Sy_19456_Ex_1024_Ey_19968.tif,f130803t01p00r15rdn_e_sc01_ort_img,512,19456,1024,19968,240,1,224,uint16,0.48435,0.15405,7 29 30
train,f130803t01p00r15rdn_e_sc01_ort_img_Sx_512_Sy_20992_Ex_1024_Ey_21504.tif,f130803t01p00r15rdn_e_sc01_ort_img,512,20992,1024,21504,241,1,224,uint16,0.43581,0.16785,26 27
train,f130803t01p00r15rdn_e_sc01_ort_img_Sx_512_Sy_24064_Ex_1024_Ey_24576.tif,f130803t01p00r15rdn_e_sc01_ort_img,512,24064,1024,24576,242,1,224,uint16,0.14887,0.17596,14 28
train,f130803t01p00r15rdn_e_sc01_ort_img_Sx_512_Sy_24576_Ex_1024_Ey_25088.tif,f130803t01p00r15rdn_e_sc01_ort_img,512,24576,1024,25088,243,1,224,uint16,0.42271,0.17078,27 28 29
train,f130803t01p00r15rdn_e_sc01_ort_img_Sx_512_Sy_25088_Ex_1024_Ey_25600.tif,f130803t01p00r15rdn_e_sc01_ort_img,512,25088,1024,25600,244,1,224,uint16,0.28078,0.19171,27 28
train,f130803t01p00r15rdn_e_sc01_ort_img_Sx_512_Sy_27136_Ex_1024_Ey_27648.tif,f130803t01p00r15rdn_e_sc01_ort_img,512,27136,1024,27648,245,1,224,uint16,0.4486,0.20221,27 29
train,f130803t01p00r15rdn_e_sc01_ort_img_Sx_512_Sy_29380_Ex_1024_Ey_29892.tif,f130803t01p00r15rdn_e_sc01_ort_img,512,29380,1024,29892,246,1,224,uint16,0.25835,0.21481,22 27
train,f130803t01p00r15rdn_e_sc01_ort_img_Sx_512_Sy_5120_Ex_1024_Ey_5632.tif,f130803t01p00r15rdn_e_sc01_ort_img,512,5120,1024,5632,247,1,224,uint16,0.03905,0.05493,26
train,f130803t01p00r15rdn_e_sc01_ort_img_Sx_568_Sy_12800_Ex_1080_Ey_13312.tif,f130803t01p00r15rdn_e_sc01_ort_img,568,12800,1080,13312,236,1,224,uint16,0.5815,0.20209,22 27
train,f130803t01p00r15rdn_e_sc01_ort_img_Sx_568_Sy_15360_Ex_1080_Ey_15872.tif,f130803t01p00r15rdn_e_sc01_ort_img,568,15360,1080,15872,237,1,224,uint16,0.14954,0.19345,2 14 22
train,f130803t01p00r15rdn_e_sc01_ort_img_Sx_568_Sy_1536_Ex_1080_Ey_2048.tif,f130803t01p00r15rdn_e_sc01_ort_img,568,1536,1080,2048,238,1,224,uint16,0.02378,0.14938,26
train,f130803t01p00r15rdn_e_sc01_ort_img_Sx_568_Sy_17920_Ex_1080_Ey_18432.tif,f130803t01p00r15rdn_e_sc01_ort_img,568,17920,1080,18432,239,1,224,uint16,0.5871,0.26175,26 27 29
train,f130803t01p00r15rdn_e_sc01_ort_img_Sx_568_Sy_18944_Ex_1080_Ey_19456.tif,f130803t01p00r15rdn_e_sc01_ort_img,568,18944,1080,19456,248,1,224,uint16,0.0784,0.26587,13
train,f130803t01p00r15rdn_e_sc01_ort_img_Sx_568_Sy_19456_Ex_1080_Ey_19968.tif,f130803t01p00r15rdn_e_sc01_ort_img,568,19456,1080,19968,240,1,224,uint16,0.17782,0.26343,30
train,f130803t01p00r15rdn_e_sc01_ort_img_Sx_568_Sy_20992_Ex_1080_Ey_21504.tif,f130803t01p00r15rdn_e_sc01_ort_img,568,20992,1080,21504,241,1,224,uint16,0.39274,0.27722,26 27
train,f130803t01p00r15rdn_e_sc01_ort_img_Sx_568_Sy_24064_Ex_1080_Ey_24576.tif,f130803t01p00r15rdn_e_sc01_ort_img,568,24064,1080,24576,242,1,224,uint16,0.20268,0.28534,28 29
train,f130803t01p00r15rdn_e_sc01_ort_img_Sx_568_Sy_24576_Ex_1080_Ey_25088.tif,f130803t01p00r15rdn_e_sc01_ort_img,568,24576,1080,25088,243,1,224,uint16,0.35624,0.28015,27 28 29
train,f130803t01p00r15rdn_e_sc01_ort_img_Sx_568_Sy_25088_Ex_1080_Ey_25600.tif,f130803t01p00r15rdn_e_sc01_ort_img,568,25088,1080,25600,244,1,224,uint16,0.323,0.30109,27 28 29
train,f130803t01p00r15rdn_e_sc01_ort_img_Sx_568_Sy_27136_Ex_1080_Ey_27648.tif,f130803t01p00r15rdn_e_sc01_ort_img,568,27136,1080,27648,245,1,224,uint16,0.42985,0.31158,2 27 29
train,f130803t01p00r15rdn_e_sc01_ort_img_Sx_568_Sy_28160_Ex_1080_Ey_28672.tif,f130803t01p00r15rdn_e_sc01_ort_img,568,28160,1080,28672,249,1,224,uint16,0.32178,0.32495,2 27 29
train,f130803t01p00r15rdn_e_sc01_ort_img_Sx_568_Sy_29184_Ex_1080_Ey_29696.tif,f130803t01p00r15rdn_e_sc01_ort_img,568,29184,1080,29696,246,1,224,uint16,0.29672,0.32782,22 27
train,f130803t01p00r15rdn_e_sc01_ort_img_Sx_568_Sy_5120_Ex_1080_Ey_5632.tif,f130803t01p00r15rdn_e_sc01_ort_img,568,5120,1080,5632,247,1,224,uint16,0.03615,0.16092,26
train,f130803t01p00r16rdn_e_sc01_ort_img_Sx_0_Sy_11776_Ex_512_Ey_12288.tif,f130803t01p00r16rdn_e_sc01_ort_img,0,11776,512,12288,250,1,224,uint16,0.37866,0.18649,27 31
train,f130803t01p00r16rdn_e_sc01_ort_img_Sx_0_Sy_12288_Ex_512_Ey_12800.tif,f130803t01p00r16rdn_e_sc01_ort_img,0,12288,512,12800,251,1,224,uint16,0.46382,0.17661,26 27
train,f130803t01p00r16rdn_e_sc01_ort_img_Sx_0_Sy_12800_Ex_512_Ey_13312.tif,f130803t01p00r16rdn_e_sc01_ort_img,0,12800,512,13312,252,1,224,uint16,0.62768,0.13422,27 29
train,f130803t01p00r16rdn_e_sc01_ort_img_Sx_0_Sy_14336_Ex_512_Ey_14848.tif,f130803t01p00r16rdn_e_sc01_ort_img,0,14336,512,14848,253,1,224,uint16,0.15587,0.14023,29
train,f130803t01p00r16rdn_e_sc01_ort_img_Sx_0_Sy_15360_Ex_512_Ey_15872.tif,f130803t01p00r16rdn_e_sc01_ort_img,0,15360,512,15872,254,1,224,uint16,0.33719,0.12817,25 31
train,f130803t01p00r16rdn_e_sc01_ort_img_Sx_0_Sy_2560_Ex_512_Ey_3072.tif,f130803t01p00r16rdn_e_sc01_ort_img,0,2560,512,3072,255,1,224,uint16,0.31076,0.30045,2 22 27
train,f130803t01p00r16rdn_e_sc01_ort_img_Sx_0_Sy_3072_Ex_512_Ey_3584.tif,f130803t01p00r16rdn_e_sc01_ort_img,0,3072,512,3584,256,1,224,uint16,0.41459,0.29501,17 22 27
train,f130803t01p00r16rdn_e_sc01_ort_img_Sx_0_Sy_3584_Ex_512_Ey_4096.tif,f130803t01p00r16rdn_e_sc01_ort_img,0,3584,512,4096,257,1,224,uint16,0.18064,0.29254,17 27
train,f130803t01p00r16rdn_e_sc01_ort_img_Sx_0_Sy_4608_Ex_512_Ey_5120.tif,f130803t01p00r16rdn_e_sc01_ort_img,0,4608,512,5120,258,1,224,uint16,0.57494,0.27316,2 18 22 27
train,f130803t01p00r16rdn_e_sc01_ort_img_Sx_0_Sy_5120_Ex_512_Ey_5632.tif,f130803t01p00r16rdn_e_sc01_ort_img,0,5120,512,5632,259,1,224,uint16,0.43188,0.24658,22 31
train,f130803t01p00r16rdn_e_sc01_ort_img_Sx_0_Sy_6144_Ex_512_Ey_6656.tif,f130803t01p00r16rdn_e_sc01_ort_img,0,6144,512,6656,260,1,224,uint16,0.38667,0.23569,27 29
train,f130803t01p00r16rdn_e_sc01_ort_img_Sx_0_Sy_6656_Ex_512_Ey_7168.tif,f130803t01p00r16rdn_e_sc01_ort_img,0,6656,512,7168,261,1,224,uint16,0.37419,0.23975,22 27 29
train,f130803t01p00r16rdn_e_sc01_ort_img_Sx_0_Sy_7680_Ex_512_Ey_8192.tif,f130803t01p00r16rdn_e_sc01_ort_img,0,7680,512,8192,262,1,224,uint16,0.5023,0.23273,17 18 22
train,f130803t01p00r16rdn_e_sc01_ort_img_Sx_0_Sy_8192_Ex_512_Ey_8704.tif,f130803t01p00r16rdn_e_sc01_ort_img,0,8192,512,8704,263,1,224,uint16,0.38488,0.22037,22 27
train,f130803t01p00r16rdn_e_sc01_ort_img_Sx_0_Sy_9216_Ex_512_Ey_9728.tif,f130803t01p00r16rdn_e_sc01_ort_img,0,9216,512,9728,264,1,224,uint16,0.4546,0.20346,2 25 27
train,f130803t01p00r16rdn_e_sc01_ort_img_Sx_410_Sy_10752_Ex_922_Ey_11264.tif,f130803t01p00r16rdn_e_sc01_ort_img,410,10752,922,11264,265,1,224,uint16,0.17929,0.20471,31
train,f130803t01p00r16rdn_e_sc01_ort_img_Sx_410_Sy_11776_Ex_922_Ey_12288.tif,f130803t01p00r16rdn_e_sc01_ort_img,410,11776,922,12288,250,1,224,uint16,0.22713,0.21646,26 27
train,f130803t01p00r16rdn_e_sc01_ort_img_Sx_410_Sy_12288_Ex_922_Ey_12800.tif,f130803t01p00r16rdn_e_sc01_ort_img,410,12288,922,12800,251,1,224,uint16,0.25657,0.21222,31
train,f130803t01p00r16rdn_e_sc01_ort_img_Sx_410_Sy_12800_Ex_922_Ey_13312.tif,f130803t01p00r16rdn_e_sc01_ort_img,410,12800,922,13312,252,1,224,uint16,0.6222,0.24741,18 29 31
train,f130803t01p00r16rdn_e_sc01_ort_img_Sx_410_Sy_13824_Ex_922_Ey_14336.tif,f130803t01p00r16rdn_e_sc01_ort_img,410,13824,922,14336,266,1,224,uint16,0.67239,0.2532,26 27
train,f130803t01p00r16rdn_e_sc01_ort_img_Sx_410_Sy_14336_Ex_922_Ey_14848.tif,f130803t01p00r16rdn_e_sc01_ort_img,410,14336,922,14848,253,1,224,uint16,0.49394,0.26578,27 31
train,f130803t01p00r16rdn_e_sc01_ort_img_Sx_410_Sy_15872_Ex_922_Ey_16384.tif,f130803t01p00r16rdn_e_sc01_ort_img,410,15872,922,16384,267,1,224,uint16,0.54746,0.28549,2 31
train,f130803t01p00r16rdn_e_sc01_ort_img_Sx_410_Sy_16384_Ex_922_Ey_16896.tif,f130803t01p00r16rdn_e_sc01_ort_img,410,16384,922,16896,268,1,224,uint16,0.57209,0.28464,26 27 31
train,f130803t01p00r16rdn_e_sc01_ort_img_Sx_410_Sy_16682_Ex_922_Ey_17194.tif,f130803t01p00r16rdn_e_sc01_ort_img,410,16682,922,17194,268,1,224,uint16,0.59386,0.30652,26 27 31
train,f130803t01p00r16rdn_e_sc01_ort_img_Sx_410_Sy_3584_Ex_922_Ey_4096.tif,f130803t01p00r16rdn_e_sc01_ort_img,410,3584,922,4096,257,1,224,uint16,0.30951,0.08826,17 27
train,f130803t01p00r16rdn_e_sc01_ort_img_Sx_410_Sy_5120_Ex_922_Ey_5632.tif,f130803t01p00r16rdn_e_sc01_ort_img,410,5120,922,5632,259,1,224,uint16,0.50191,0.14514,22 27
train,f130803t01p00r16rdn_e_sc01_ort_img_Sx_410_Sy_7680_Ex_922_Ey_8192.tif,f130803t01p00r16rdn_e_sc01_ort_img,410,7680,922,8192,262,1,224,uint16,0.58138,0.1575,18 22
train,f130803t01p00r16rdn_e_sc01_ort_img_Sx_410_Sy_8192_Ex_922_Ey_8704.tif,f130803t01p00r16rdn_e_sc01_ort_img,410,8192,922,8704,263,1,224,uint16,0.68177,0.16898,18 22 27
train,f130803t01p00r16rdn_e_sc01_ort_img_Sx_410_Sy_8704_Ex_922_Ey_9216.tif,f130803t01p00r16rdn_e_sc01_ort_img,410,8704,922,9216,269,1,224,uint16,0.7718,0.16422,2 22 27 29
train,f130803t01p00r16rdn_e_sc01_ort_img_Sx_410_Sy_9216_Ex_922_Ey_9728.tif,f130803t01p00r16rdn_e_sc01_ort_img,410,9216,922,9728,264,1,224,uint16,0.46012,0.18542,22 26 27
train,f130803t01p00r16rdn_e_sc01_ort_img_Sx_410_Sy_9728_Ex_922_Ey_10240.tif,f130803t01p00r16rdn_e_sc01_ort_img,410,9728,922,10240,270,1,224,uint16,0.53279,0.18198,17 22 25 27
train,f130804t01p00r03rdn_e_sc01_ort_img_Sx_0_Sy_11776_Ex_512_Ey_12288.tif,f130804t01p00r03rdn_e_sc01_ort_img,0,11776,512,12288,271,1,224,uint16,0.18573,0.20697,12
train,f130804t01p00r10rdn_e_sc01_ort_img_Sx_512_Sy_21504_Ex_1024_Ey_22016.tif,f130804t01p00r10rdn_e_sc01_ort_img,512,21504,1024,22016,272,1,224,uint16,0.24197,0.0,12
train,f130804t01p00r10rdn_e_sc01_ort_img_Sx_512_Sy_22016_Ex_1024_Ey_22528.tif,f130804t01p00r10rdn_e_sc01_ort_img,512,22016,1024,22528,273,1,224,uint16,0.17996,0.0,12
train,f130804t01p00r10rdn_e_sc01_ort_img_Sx_512_Sy_24576_Ex_1024_Ey_25088.tif,f130804t01p00r10rdn_e_sc01_ort_img,512,24576,1024,25088,274,1,224,uint16,0.21765,0.0,12
train,f130815t01p00r02rdn_e_sc01_ort_img_Sx_0_Sy_0_Ex_512_Ey_512.tif,f130815t01p00r02rdn_e_sc01_ort_img,0,0,512,512,275,0,224,uint16,0.04208,0.25485,8
train,f130815t01p00r02rdn_e_sc01_ort_img_Sx_0_Sy_2560_Ex_512_Ey_3072.tif,f130815t01p00r02rdn_e_sc01_ort_img,0,2560,512,3072,276,1,224,uint16,0.24529,0.08249,9
train,f130815t01p00r02rdn_e_sc01_ort_img_Sx_0_Sy_512_Ex_512_Ey_1024.tif,f130815t01p00r02rdn_e_sc01_ort_img,0,512,512,1024,277,1,224,uint16,0.03365,0.1261,8
train,f130815t01p00r02rdn_e_sc01_ort_img_Sx_282_Sy_0_Ex_794_Ey_512.tif,f130815t01p00r02rdn_e_sc01_ort_img,282,0,794,512,275,1,224,uint16,0.29488,0.11642,9
train,f130815t01p00r02rdn_e_sc01_ort_img_Sx_282_Sy_1024_Ex_794_Ey_1536.tif,f130815t01p00r02rdn_e_sc01_ort_img,282,1024,794,1536,278,1,224,uint16,0.09734,0.04901,8
train,f130815t01p00r02rdn_e_sc01_ort_img_Sx_282_Sy_1536_Ex_794_Ey_2048.tif,f130815t01p00r02rdn_e_sc01_ort_img,282,1536,794,2048,279,1,224,uint16,0.11576,0.05893,8
train,f130815t01p00r02rdn_e_sc01_ort_img_Sx_282_Sy_512_Ex_794_Ey_1024.tif,f130815t01p00r02rdn_e_sc01_ort_img,282,512,794,1024,277,1,224,uint16,0.04842,0.02942,8
train,f130815t01p00r03rdn_e_sc01_ort_img_Sx_0_Sy_4096_Ex_512_Ey_4608.tif,f130815t01p00r03rdn_e_sc01_ort_img,0,4096,512,4608,280,1,224,uint16,0.29335,0.05795,6
train,f130815t01p00r03rdn_e_sc01_ort_img_Sx_0_Sy_512_Ex_512_Ey_1024.tif,f130815t01p00r03rdn_e_sc01_ort_img,0,512,512,1024,281,1,224,uint16,0.48607,0.11176,5 6
train,f130815t01p00r03rdn_e_sc01_ort_img_Sx_298_Sy_1024_Ex_810_Ey_1536.tif,f130815t01p00r03rdn_e_sc01_ort_img,298,1024,810,1536,282,1,224,uint16,0.14717,0.0834,6
train,f130815t01p00r04rdn_e_sc01_ort_img_Sx_0_Sy_0_Ex_512_Ey_512.tif,f130815t01p00r04rdn_e_sc01_ort_img,0,0,512,512,283,0,224,uint16,0.35603,0.29803,5 6
train,f130815t01p00r04rdn_e_sc01_ort_img_Sx_0_Sy_1024_Ex_512_Ey_1536.tif,f130815t01p00r04rdn_e_sc01_ort_img,0,1024,512,1536,284,1,224,uint16,0.27519,0.11053,6
train,f130815t01p00r05rdn_e_sc01_ort_img_Sx_0_Sy_1536_Ex_512_Ey_2048.tif,f130815t01p00r05rdn_e_sc01_ort_img,0,1536,512,2048,285,1,224,uint16,0.15489,0.21283,6
train,f130815t01p00r09rdn_e_sc01_ort_img_Sx_0_Sy_512_Ex_512_Ey_1024.tif,f130815t01p00r09rdn_e_sc01_ort_img,0,512,512,1024,286,1,224,uint16,0.03712,0.07852,8
train,f130815t01p00r09rdn_e_sc01_ort_img_Sx_295_Sy_512_Ex_807_Ey_1024.tif,f130815t01p00r09rdn_e_sc01_ort_img,295,512,807,1024,286,1,224,uint16,0.02641,0.13443,8
train,f130815t01p00r10rdn_e_sc01_ort_img_Sx_0_Sy_4645_Ex_512_Ey_5157.tif,f130815t01p00r10rdn_e_sc01_ort_img,0,4645,512,5157,287,1,224,uint16,0.26923,0.21463,9
train,f130815t01p00r12rdn_e_sc01_ort_img_Sx_0_Sy_4096_Ex_512_Ey_4608.tif,f130815t01p00r12rdn_e_sc01_ort_img,0,4096,512,4608,288,1,224,uint16,0.09302,0.28894,9
train,f130815t01p00r12rdn_e_sc01_ort_img_Sx_399_Sy_4096_Ex_911_Ey_4608.tif,f130815t01p00r12rdn_e_sc01_ort_img,399,4096,911,4608,288,1,224,uint16,0.19848,0.10364,9
test,f080611t01p00r11rdn_beta_sc01_ort_img_Sx_362_Sy_0_Ex_874_Ey_512.tif,f080611t01p00r11rdn_beta_sc01_ort_img,362,0,874,512,,0,224,uint16,,0.04755,
test,f080611t01p00r12rdn_beta_sc01_ort_img_Sx_0_Sy_0_Ex_512_Ey_512.tif,f080611t01p00r12rdn_beta_sc01_ort_img,0,0,512,512,,1,224,uint16,,0.1702,
test,f080611t01p00r12rdn_beta_sc01_ort_img_Sx_309_Sy_0_Ex_821_Ey_512.tif,f080611t01p00r12rdn_beta_sc01_ort_img,309,0,821,512,,0,224,uint16,,0.04553,
test,f080611t01p00r12rdn_beta_sc01_ort_img_Sx_309_Sy_1024_Ex_821_Ey_1536.tif,f080611t01p00r12rdn_beta_sc01_ort_img,309,1024,821,1536,,1,224,uint16,,0.05054,
test,f080611t01p00r13rdn_beta_sc01_ort_img_Sx_0_Sy_512_Ex_512_Ey_1024.tif,f080611t01p00r13rdn_beta_sc01_ort_img,0,512,512,1024,,1,224,uint16,,0.02066,
test,f080611t01p00r13rdn_beta_sc01_ort_img_Sx_250_Sy_0_Ex_762_Ey_512.tif,f080611t01p00r13rdn_beta_sc01_ort_img,250,0,762,512,,0,224,uint16,,0.0831,
test,f080611t01p00r13rdn_beta_sc01_ort_img_Sx_250_Sy_1024_Ex_762_Ey_1536.tif,f080611t01p00r13rdn_beta_sc01_ort_img,250,1024,762,1536,,1,224,uint16,,0.03122,
test,f080611t01p00r13rdn_beta_sc01_ort_img_Sx_250_Sy_512_Ex_762_Ey_1024.tif,f080611t01p00r13rdn_beta_sc01_ort_img,250,512,762,1024,,1,224,uint16,,0.03506,
test,f080611t01p00r14rdn_beta_sc01_ort_img_Sx_0_Sy_512_Ex_512_Ey_1024.tif,f080611t01p00r14rdn_beta_sc01_ort_img,0,512,512,1024,,1,224,uint16,,0.02542,
test,f080918t01p00r05rdn_c_sc01_ort_img_Sx_0_Sy_0_Ex_512_Ey_512.tif,f080918t01p00r05rdn_c_sc01_ort_img,0,0,512,512,,0,224,uint16,,0.46454,
test,f080918t01p00r05rdn_c_sc01_ort_img_Sx_0_Sy_3072_Ex_512_Ey_3584.tif,f080918t01p00r05rdn_c_sc01_ort_img,0,3072,512,3584,,1,224,uint16,,0.60806,
test,f080918t01p00r05rdn_c_sc01_ort_img_Sx_512_Sy_3584_Ex_1024_Ey_4096.tif,f080918t01p00r05rdn_c_sc01_ort_img,512,3584,1024,4096,,1,224,uint16,,0.16187,
test,f080922t01p00r04rdn_c_sc01_ort_img_Sx_0_Sy_1024_Ex_512_Ey_1536.tif,f080922t01p00r04rdn_c_sc01_ort_img,0,1024,512,1536,,1,224,uint16,,0.09042,
test,f080927t01p00r02rdn_c_sc01_ort_img_Sx_512_Sy_11747_Ex_1024_Ey_12259.tif,f080927t01p00r02rdn_c_sc01_ort_img,512,11747,1024,12259,,1,224,uint16,,0.14655,
test,f080927t01p00r02rdn_c_sc01_ort_img_Sx_650_Sy_11747_Ex_1162_Ey_12259.tif,f080927t01p00r02rdn_c_sc01_ort_img,650,11747,1162,12259,,1,224,uint16,,0.35602,
test,f090720t01p00r05rdn_b_ort_img_Sx_0_Sy_6656_Ex_512_Ey_7168.tif,f090720t01p00r05rdn_b_ort_img,0,6656,512,7168,,1,224,uint16,,0.2594,
test,f090720t01p00r05rdn_b_ort_img_Sx_0_Sy_7168_Ex_512_Ey_7680.tif,f090720t01p00r05rdn_b_ort_img,0,7168,512,7680,,1,224,uint16,,0.27838,
test,f090720t01p00r05rdn_b_ort_img_Sx_0_Sy_7680_Ex_512_Ey_8192.tif,f090720t01p00r05rdn_b_ort_img,0,7680,512,8192,,1,224,uint16,,0.29657,
test,f090720t01p00r05rdn_b_ort_img_Sx_391_Sy_6656_Ex_903_Ey_7168.tif,f090720t01p00r05rdn_b_ort_img,391,6656,903,7168,,1,224,uint16,,0.09521,
test,f090720t01p00r05rdn_b_ort_img_Sx_391_Sy_8662_Ex_903_Ey_9174.tif,f090720t01p00r05rdn_b_ort_img,391,8662,903,9174,,1,224,uint16,,0.03357,
test,f090720t01p00r06rdn_b_ort_img_Sx_0_Sy_0_Ex_512_Ey_512.tif,f090720t01p00r06rdn_b_ort_img,0,0,512,512,,1,224,uint16,,0.04346,
test,f090724t01p00r05rdn_b_ort_img_Sx_0_Sy_0_Ex_512_Ey_512.tif,f090724t01p00r05rdn_b_ort_img,0,0,512,512,,1,224,uint16,,0.0546,
test,f090724t01p00r05rdn_b_ort_img_Sx_0_Sy_1024_Ex_512_Ey_1536.tif,f090724t01p00r05rdn_b_ort_img,0,1024,512,1536,,1,224,uint16,,0.07056,
test,f090724t01p00r05rdn_b_ort_img_Sx_0_Sy_2048_Ex_512_Ey_2560.tif,f090724t01p00r05rdn_b_ort_img,0,2048,512,2560,,1,224,uint16,,0.13318,
test,f090724t01p00r05rdn_b_ort_img_Sx_431_Sy_5120_Ex_943_Ey_5632.tif,f090724t01p00r05rdn_b_ort_img,431,5120,943,5632,,1,224,uint16,,0.11966,
test,f100903t01p00r09rdn_b_sc01_ort_img_Sx_0_Sy_512_Ex_512_Ey_1024.tif,f100903t01p00r09rdn_b_sc01_ort_img,0,512,512,1024,,1,224,uint16,,0.08371,
test,f100904t01p00r03rdn_b_sc01_ort_img_Sx_0_Sy_2048_Ex_512_Ey_2560.tif,f100904t01p00r03rdn_b_sc01_ort_img,0,2048,512,2560,,1,224,uint16,,0.14011,
test,f100904t01p00r03rdn_b_sc01_ort_img_Sx_0_Sy_2560_Ex_512_Ey_3072.tif,f100904t01p00r03rdn_b_sc01_ort_img,0,2560,512,3072,,1,224,uint16,,0.10455,
test,f100904t01p00r06rdn_b_sc01_ort_img_Sx_0_Sy_1024_Ex_512_Ey_1536.tif,f100904t01p00r06rdn_b_sc01_ort_img,0,1024,512,1536,,1,224,uint16,,0.23285,
test,f100904t01p00r06rdn_b_sc01_ort_img_Sx_401_Sy_512_Ex_913_Ey_1024.tif,f100904t01p00r06rdn_b_sc01_ort_img,401,512,913,1024,,1,224,uint16,,0.07449,
test,f100904t01p00r08rdn_b_sc01_ort_img_Sx_0_Sy_512_Ex_512_Ey_1024.tif,f100904t01p00r08rdn_b_sc01_ort_img,0,512,512,1024,,1,224,uint16,,0.16977,
test,f100904t01p00r08rdn_b_sc01_ort_img_Sx_443_Sy_1024_Ex_955_Ey_1536.tif,f100904t01p00r08rdn_b_sc01_ort_img,443,1024,955,1536,,1,224,uint16,,0.19019,
test,f100904t01p00r09rdn_b_sc01_ort_img_Sx_0_Sy_0_Ex_512_Ey_512.tif,f100904t01p00r09rdn_b_sc01_ort_img,0,0,512,512,,0,224,uint16,,0.14886,
test,f100908t01p00r01rdn_b_sc01_ort_img_Sx_462_Sy_512_Ex_974_Ey_1024.tif,f100908t01p00r01rdn_b_sc01_ort_img,462,512,974,1024,,1,224,uint16,,0.31342,
test,f100910t01p00r03rdn_b_sc01_ort_img_Sx_0_Sy_1024_Ex_512_Ey_1536.tif,f100910t01p00r03rdn_b_sc01_ort_img,0,1024,512,1536,,1,224,uint16,,0.26828,
test,f100910t01p00r03rdn_b_sc01_ort_img_Sx_458_Sy_0_Ex_970_Ey_512.tif,f100910t01p00r03rdn_b_sc01_ort_img,458,0,970,512,,1,224,uint16,,0.11368,
test,f100910t01p00r06rdn_b_sc01_ort_img_Sx_0_Sy_512_Ex_512_Ey_1024.tif,f100910t01p00r06rdn_b_sc01_ort_img,0,512,512,1024,,1,224,uint16,,0.28107,
test,f100914t01p00r11rdn_b_sc01_ort_img_Sx_512_Sy_0_Ex_1024_Ey_512.tif,f100914t01p00r11rdn_b_sc01_ort_img,512,0,1024,512,,1,224,uint16,,0.06927,
test,f100914t01p00r11rdn_b_sc01_ort_img_Sx_605_Sy_0_Ex_1117_Ey_512.tif,f100914t01p00r11rdn_b_sc01_ort_img,605,0,1117,512,,1,224,uint16,,0.2327,
test,f100914t01p00r12rdn_b_sc01_ort_img_Sx_0_Sy_0_Ex_512_Ey_512.tif,f100914t01p00r12rdn_b_sc01_ort_img,0,0,512,512,,1,224,uint16,,0.47333,
test,f100924t01p00r05rdn_b_sc01_ort_img_Sx_621_Sy_2048_Ex_1133_Ey_2560.tif,f100924t01p00r05rdn_b_sc01_ort_img,621,2048,1133,2560,,1,224,uint16,,0.16431,
test,f101004t01p00r06rdn_b_sc01_ort_img_Sx_512_Sy_0_Ex_1024_Ey_512.tif,f101004t01p00r06rdn_b_sc01_ort_img,512,0,1024,512,,0,224,uint16,,0.12085,
test,f101004t01p00r06rdn_b_sc01_ort_img_Sx_539_Sy_0_Ex_1051_Ey_512.tif,f101004t01p00r06rdn_b_sc01_ort_img,539,0,1051,512,,1,224,uint16,,0.15994,
test,f101004t01p00r07rdn_b_sc01_ort_img_Sx_0_Sy_0_Ex_512_Ey_512.tif,f101004t01p00r07rdn_b_sc01_ort_img,0,0,512,512,,0,224,uint16,,0.55429,
test,f101004t01p00r07rdn_b_sc01_ort_img_Sx_0_Sy_512_Ex_512_Ey_1024.tif,f101004t01p00r07rdn_b_sc01_ort_img,0,512,512,1024,,1,224,uint16,,0.46707,
test,f101004t01p00r07rdn_b_sc01_ort_img_Sx_512_Sy_512_Ex_1024_Ey_1024.tif,f101004t01p00r07rdn_b_sc01_ort_img,512,512,1024,1024,,1,224,uint16,,0.10236,
test,f101004t01p00r08rdn_b_sc01_ort_img_Sx_0_Sy_512_Ex_512_Ey_1024.tif,f101004t01p00r08rdn_b_sc01_ort_img,0,512,512,1024,,1,224,uint16,,0.5163,
test,f101004t01p00r08rdn_b_sc01_ort_img_Sx_512_Sy_0_Ex_1024_Ey_512.tif,f101004t01p00r08rdn_b_sc01_ort_img,512,0,1024,512,,0,224,uint16,,0.14307,
test,f101004t01p00r08rdn_b_sc01_ort_img_Sx_512_Sy_512_Ex_1024_Ey_1024.tif,f101004t01p00r08rdn_b_sc01_ort_img,512,512,1024,1024,,1,224,uint16,,0.05206,
test,f101004t01p00r08rdn_b_sc01_ort_img_Sx_555_Sy_0_Ex_1067_Ey_512.tif,f101004t01p00r08rdn_b_sc01_ort_img,555,0,1067,512,,1,224,uint16,,0.20441,
test,f110505t01p00r02rdn_c_sc01_ort_img_Sx_512_Sy_6144_Ex_1024_Ey_6656.tif,f110505t01p00r02rdn_c_sc01_ort_img,512,6144,1024,6656,,1,224,uint16,,0.00824,
test,f110712t01p00r08rdn_c_sc01_ort_img_Sx_0_Sy_3584_Ex_512_Ey_4096.tif,f110712t01p00r08rdn_c_sc01_ort_img,0,3584,512,4096,,1,224,uint16,,0.13928,
test,f110712t01p00r09rdn_c_sc01_ort_img_Sx_0_Sy_2048_Ex_512_Ey_2560.tif,f110712t01p00r09rdn_c_sc01_ort_img,0,2048,512,2560,,1,224,uint16,,0.20578,
test,f110712t01p00r10rdn_c_sc01_ort_img_Sx_0_Sy_1536_Ex_512_Ey_2048.tif,f110712t01p00r10rdn_c_sc01_ort_img,0,1536,512,2048,,1,224,uint16,,0.13351,
test,f110928t01p00r06rdn_c_sc01_ort_img_Sx_0_Sy_4096_Ex_512_Ey_4608.tif,f110928t01p00r06rdn_c_sc01_ort_img,0,4096,512,4608,,1,224,uint16,,0.34821,
test,f110928t01p00r06rdn_c_sc01_ort_img_Sx_512_Sy_1536_Ex_1024_Ey_2048.tif,f110928t01p00r06rdn_c_sc01_ort_img,512,1536,1024,2048,,1,224,uint16,,0.1936,
test,f110928t01p00r06rdn_c_sc01_ort_img_Sx_512_Sy_7168_Ex_1024_Ey_7680.tif,f110928t01p00r06rdn_c_sc01_ort_img,512,7168,1024,7680,,1,224,uint16,,0.27206,
test,f110928t01p00r06rdn_c_sc01_ort_img_Sx_526_Sy_1536_Ex_1038_Ey_2048.tif,f110928t01p00r06rdn_c_sc01_ort_img,526,1536,1038,2048,,1,224,uint16,,0.22095,
test,f110928t01p00r07rdn_c_sc01_ort_img_Sx_512_Sy_1024_Ex_1024_Ey_1536.tif,f110928t01p00r07rdn_c_sc01_ort_img,512,1024,1024,1536,,1,224,uint16,,0.22281,
test,f110928t01p00r08rdn_c_sc01_ort_img_Sx_466_Sy_2560_Ex_978_Ey_3072.tif,f110928t01p00r08rdn_c_sc01_ort_img,466,2560,978,3072,,1,224,uint16,,0.26044,
test,f110928t01p00r08rdn_c_sc01_ort_img_Sx_466_Sy_7168_Ex_978_Ey_7680.tif,f110928t01p00r08rdn_c_sc01_ort_img,466,7168,978,7680,,1,224,uint16,,0.28729,
test,f110929t01p00r11rdn_c_sc01_ort_img_Sx_0_Sy_1536_Ex_512_Ey_2048.tif,f110929t01p00r11rdn_c_sc01_ort_img,0,1536,512,2048,,1,224,uint16,,0.25418,
test,f110929t01p00r11rdn_c_sc01_ort_img_Sx_0_Sy_512_Ex_512_Ey_1024.tif,f110929t01p00r11rdn_c_sc01_ort_img,0,512,512,1024,,1,224,uint16,,0.21613,
test,f110929t01p00r11rdn_c_sc01_ort_img_Sx_0_Sy_7680_Ex_512_Ey_8192.tif,f110929t01p00r11rdn_c_sc01_ort_img,0,7680,512,8192,,1,224,uint16,,0.26019,
test,f110929t01p00r11rdn_c_sc01_ort_img_Sx_0_Sy_7776_Ex_512_Ey_8288.tif,f110929t01p00r11rdn_c_sc01_ort_img,0,7776,512,8288,,1,224,uint16,,0.24988,
test,f110929t01p00r11rdn_c_sc01_ort_img_Sx_437_Sy_512_Ex_949_Ey_1024.tif,f110929t01p00r11rdn_c_sc01_ort_img,437,512,949,1024,,1,224,uint16,,0.1821,
test,f110930t01p00r09rdn_c_sc01_ort_img_Sx_0_Sy_5120_Ex_512_Ey_5632.tif,f110930t01p00r09rdn_c_sc01_ort_img,0,5120,512,5632,,1,224,uint16,,0.06558,
test,f110930t01p00r09rdn_c_sc01_ort_img_Sx_0_Sy_5632_Ex_512_Ey_6144.tif,f110930t01p00r09rdn_c_sc01_ort_img,0,5632,512,6144,,1,224,uint16,,0.06952,
test,f110930t01p00r09rdn_c_sc01_ort_img_Sx_0_Sy_6144_Ex_512_Ey_6656.tif,f110930t01p00r09rdn_c_sc01_ort_img,0,6144,512,6656,,1,224,uint16,,0.05603,
test,f110930t01p00r09rdn_c_sc01_ort_img_Sx_0_Sy_6656_Ex_512_Ey_7168.tif,f110930t01p00r09rdn_c_sc01_ort_img,0,6656,512,7168,,1,224,uint16,,0.05075,
test,f110930t01p00r09rdn_c_sc01_ort_img_Sx_0_Sy_7168_Ex_512_Ey_7680.tif,f110930t01p00r09rdn_c_sc01_ort_img,0,7168,512,7680,,1,224,uint16,,0.0621,
test,f110930t01p00r09rdn_c_sc01_ort_img_Sx_327_Sy_5120_Ex_839_Ey_5632.tif,f110930t01p00r09rdn_c_sc01_ort_img,327,5120,839,5632,,1,224,uint16,,0.13943,
test,f110930t01p00r09rdn_c_sc01_ort_img_Sx_327_Sy_6144_Ex_839_Ey_6656.tif,f110930t01p00r09rdn_c_sc01_ort_img,327,6144,839,6656,,1,224,uint16,,0.15839,
test,f110930t01p00r09rdn_c_sc01_ort_img_Sx_327_Sy_6656_Ex_839_Ey_7168.tif,f110930t01p00r09rdn_c_sc01_ort_img,327,6656,839,7168,,1,224,uint16,,0.17468,
test,f111001t01p00r02rdn_c_sc01_ort_img_Sx_0_Sy_1536_Ex_512_Ey_2048.tif,f111001t01p00r02rdn_c_sc01_ort_img,0,1536,512,2048,,1,224,uint16,,0.1705,
test,f111001t01p00r02rdn_c_sc01_ort_img_Sx_0_Sy_5120_Ex_512_Ey_5632.tif,f111001t01p00r02rdn_c_sc01_ort_img,0,5120,512,5632,,1,224,uint16,,0.1532,
test,f111001t01p00r02rdn_c_sc01_ort_img_Sx_0_Sy_9710_Ex_512_Ey_10222.tif,f111001t01p00r02rdn_c_sc01_ort_img,0,9710,512,10222,,1,224,uint16,,0.43793,
test,f111001t01p00r02rdn_c_sc01_ort_img_Sx_311_Sy_9710_Ex_823_Ey_10222.tif,f111001t01p00r02rdn_c_sc01_ort_img,311,9710,823,10222,,1,224,uint16,,0.23734,
test,f111001t01p00r03rdn_c_sc01_ort_img_Sx_0_Sy_2560_Ex_512_Ey_3072.tif,f111001t01p00r03rdn_c_sc01_ort_img,0,2560,512,3072,,1,224,uint16,,0.40933,
test,f111001t01p00r03rdn_c_sc01_ort_img_Sx_0_Sy_5632_Ex_512_Ey_6144.tif,f111001t01p00r03rdn_c_sc01_ort_img,0,5632,512,6144,,1,224,uint16,,0.37411,
test,f111001t01p00r03rdn_c_sc01_ort_img_Sx_0_Sy_8192_Ex_512_Ey_8704.tif,f111001t01p00r03rdn_c_sc01_ort_img,0,8192,512,8704,,1,224,uint16,,0.23349,
test,f111001t01p00r03rdn_c_sc01_ort_img_Sx_0_Sy_8704_Ex_512_Ey_9216.tif,f111001t01p00r03rdn_c_sc01_ort_img,0,8704,512,9216,,1,224,uint16,,0.23984,
test,f111001t01p00r03rdn_c_sc01_ort_img_Sx_0_Sy_9728_Ex_512_Ey_10240.tif,f111001t01p00r03rdn_c_sc01_ort_img,0,9728,512,10240,,1,224,uint16,,0.20306,
test,f111001t01p00r03rdn_c_sc01_ort_img_Sx_512_Sy_10752_Ex_1024_Ey_11264.tif,f111001t01p00r03rdn_c_sc01_ort_img,512,10752,1024,11264,,1,224,uint16,,0.08987,
test,f111001t01p00r03rdn_c_sc01_ort_img_Sx_512_Sy_1536_Ex_1024_Ey_2048.tif,f111001t01p00r03rdn_c_sc01_ort_img,512,1536,1024,2048,,1,224,uint16,,0.24942,
test,f111001t01p00r03rdn_c_sc01_ort_img_Sx_512_Sy_5120_Ex_1024_Ey_5632.tif,f111001t01p00r03rdn_c_sc01_ort_img,512,5120,1024,5632,,1,224,uint16,,0.25378,
test,f111001t01p00r03rdn_c_sc01_ort_img_Sx_573_Sy_10752_Ex_1085_Ey_11264.tif,f111001t01p00r03rdn_c_sc01_ort_img,573,10752,1085,11264,,1,224,uint16,,0.15521,
test,f111001t01p00r03rdn_c_sc01_ort_img_Sx_573_Sy_1536_Ex_1085_Ey_2048.tif,f111001t01p00r03rdn_c_sc01_ort_img,573,1536,1085,2048,,1,224,uint16,,0.36856,
test,f111001t01p00r03rdn_c_sc01_ort_img_Sx_573_Sy_5120_Ex_1085_Ey_5632.tif,f111001t01p00r03rdn_c_sc01_ort_img,573,5120,1085,5632,,1,224,uint16,,0.37292,
test,f111001t01p00r03rdn_c_sc01_ort_img_Sx_573_Sy_5632_Ex_1085_Ey_6144.tif,f111001t01p00r03rdn_c_sc01_ort_img,573,5632,1085,6144,,1,224,uint16,,0.40289,
test,f111001t01p00r04rdn_c_sc01_ort_img_Sx_0_Sy_5120_Ex_512_Ey_5632.tif,f111001t01p00r04rdn_c_sc01_ort_img,0,5120,512,5632,,1,224,uint16,,0.11569,
test,f111001t01p00r04rdn_c_sc01_ort_img_Sx_0_Sy_6144_Ex_512_Ey_6656.tif,f111001t01p00r04rdn_c_sc01_ort_img,0,6144,512,6656,,1,224,uint16,,0.15112,
test,f111001t01p00r04rdn_c_sc01_ort_img_Sx_0_Sy_6656_Ex_512_Ey_7168.tif,f111001t01p00r04rdn_c_sc01_ort_img,0,6656,512,7168,,1,224,uint16,,0.1319,
test,f111001t01p00r04rdn_c_sc01_ort_img_Sx_0_Sy_7168_Ex_512_Ey_7680.tif,f111001t01p00r04rdn_c_sc01_ort_img,0,7168,512,7680,,1,224,uint16,,0.11249,
test,f111001t01p00r04rdn_c_sc01_ort_img_Sx_347_Sy_5120_Ex_859_Ey_5632.tif,f111001t01p00r04rdn_c_sc01_ort_img,347,5120,859,5632,,1,224,uint16,,0.19104,
test,f111001t01p00r04rdn_c_sc01_ort_img_Sx_347_Sy_6144_Ex_859_Ey_6656.tif,f111001t01p00r04rdn_c_sc01_ort_img,347,6144,859,6656,,1,224,uint16,,0.18289,
test,f111001t01p00r04rdn_c_sc01_ort_img_Sx_347_Sy_6656_Ex_859_Ey_7168.tif,f111001t01p00r04rdn_c_sc01_ort_img,347,6656,859,7168,,1,224,uint16,,0.20636,
test,f111008t01p00r02rdn_c_sc01_ort_img_Sx_398_Sy_512_Ex_910_Ey_1024.tif,f111008t01p00r02rdn_c_sc01_ort_img,398,512,910,1024,,1,224,uint16,,0.07336,
test,f111008t01p00r03rdn_c_sc01_ort_img_Sx_0_Sy_512_Ex_512_Ey_1024.tif,f111008t01p00r03rdn_c_sc01_ort_img,0,512,512,1024,,1,224,uint16,,0.26941,
test,f111014t01p00r16rdn_c_sc01_ort_img_Sx_512_Sy_1024_Ex_1024_Ey_1536.tif,f111014t01p00r16rdn_c_sc01_ort_img,512,1024,1024,1536,,1,224,uint16,,0.09106,
test,f111014t01p00r16rdn_c_sc01_ort_img_Sx_527_Sy_1024_Ex_1039_Ey_1536.tif,f111014t01p00r16rdn_c_sc01_ort_img,527,1024,1039,1536,,1,224,uint16,,0.12024,
test,f111020t01p00r03rdn_c_sc01_ort_img_Sx_0_Sy_2048_Ex_512_Ey_2560.tif,f111020t01p00r03rdn_c_sc01_ort_img,0,2048,512,2560,,1,224,uint16,,0.20309,
test,f111020t01p00r03rdn_c_sc01_ort_img_Sx_0_Sy_2560_Ex_512_Ey_3072.tif,f111020t01p00r03rdn_c_sc01_ort_img,0,2560,512,3072,,1,224,uint16,,0.22409,
test,f111020t01p00r03rdn_c_sc01_ort_img_Sx_512_Sy_10240_Ex_1024_Ey_10752.tif,f111020t01p00r03rdn_c_sc01_ort_img,512,10240,1024,10752,,1,224,uint16,,0.06662,
test,f111020t01p00r03rdn_c_sc01_ort_img_Sx_512_Sy_5120_Ex_1024_Ey_5632.tif,f111020t01p00r03rdn_c_sc01_ort_img,512,5120,1024,5632,,1,224,uint16,,0.28207,
test,f111020t01p00r03rdn_c_sc01_ort_img_Sx_540_Sy_11264_Ex_1052_Ey_11776.tif,f111020t01p00r03rdn_c_sc01_ort_img,540,11264,1052,11776,,1,224,uint16,,0.07202,
test,f111020t01p00r03rdn_c_sc01_ort_img_Sx_540_Sy_12800_Ex_1052_Ey_13312.tif,f111020t01p00r03rdn_c_sc01_ort_img,540,12800,1052,13312,,1,224,uint16,,0.0462,
test,f111020t01p00r07rdn_c_sc01_ort_img_Sx_512_Sy_11776_Ex_1024_Ey_12288.tif,f111020t01p00r07rdn_c_sc01_ort_img,512,11776,1024,12288,,1,224,uint16,,0.0242,
test,f111020t01p00r07rdn_c_sc01_ort_img_Sx_512_Sy_12800_Ex_1024_Ey_13312.tif,f111020t01p00r07rdn_c_sc01_ort_img,512,12800,1024,13312,,1,224,uint16,,0.02289,
test,f111021t01p00r03rdn_c_sc01_ort_img_Sx_509_Sy_7680_Ex_1021_Ey_8192.tif,f111021t01p00r03rdn_c_sc01_ort_img,509,7680,1021,8192,,1,224,uint16,,0.18472,
test,f111021t01p00r04rdn_c_sc01_ort_img_Sx_512_Sy_5120_Ex_1024_Ey_5632.tif,f111021t01p00r04rdn_c_sc01_ort_img,512,5120,1024,5632,,1,224,uint16,,0.1698,
test,f120927t01p00r02rdn_a_sc01_ort_img_Sx_0_Sy_3584_Ex_512_Ey_4096.tif,f120927t01p00r02rdn_a_sc01_ort_img,0,3584,512,4096,,1,224,uint16,,0.25854,
test,f120927t01p00r02rdn_a_sc01_ort_img_Sx_512_Sy_10240_Ex_1024_Ey_10752.tif,f120927t01p00r02rdn_a_sc01_ort_img,512,10240,1024,10752,,1,224,uint16,,0.04086,
test,f120927t01p00r02rdn_a_sc01_ort_img_Sx_512_Sy_10752_Ex_1024_Ey_11264.tif,f120927t01p00r02rdn_a_sc01_ort_img,512,10752,1024,11264,,1,224,uint16,,0.07892,
test,f120927t01p00r02rdn_a_sc01_ort_img_Sx_512_Sy_5120_Ex_1024_Ey_5632.tif,f120927t01p00r02rdn_a_sc01_ort_img,512,5120,1024,5632,,1,224,uint16,,0.26846,
test,f120927t01p00r02rdn_a_sc01_ort_img_Sx_512_Sy_5632_Ex_1024_Ey_6144.tif,f120927t01p00r02rdn_a_sc01_ort_img,512,5632,1024,6144,,1,224,uint16,,0.2323,
test,f120927t01p00r03rdn_a_sc01_ort_img_Sx_0_Sy_512_Ex_512_Ey_1024.tif,f120927t01p00r03rdn_a_sc01_ort_img,0,512,512,1024,,1,224,uint16,,0.10425,
test,f120929t01p00r08rdn_a_sc01_ort_img_Sx_512_Sy_9216_Ex_1024_Ey_9728.tif,f120929t01p00r08rdn_a_sc01_ort_img,512,9216,1024,9728,,1,224,uint16,,0.11896,
test,f120929t01p00r10rdn_a_sc01_ort_img_Sx_0_Sy_1536_Ex_512_Ey_2048.tif,f120929t01p00r10rdn_a_sc01_ort_img,0,1536,512,2048,,1,224,uint16,,0.12622,
test,f120929t01p00r12rdn_a_sc01_ort_img_Sx_0_Sy_3584_Ex_512_Ey_4096.tif,f120929t01p00r12rdn_a_sc01_ort_img,0,3584,512,4096,,1,224,uint16,,0.29111,
test,f120929t01p00r12rdn_a_sc01_ort_img_Sx_512_Sy_8704_Ex_1024_Ey_9216.tif,f120929t01p00r12rdn_a_sc01_ort_img,512,8704,1024,9216,,1,224,uint16,,0.04874,
test,f120929t01p00r13rdn_a_sc01_ort_img_Sx_0_Sy_2048_Ex_512_Ey_2560.tif,f120929t01p00r13rdn_a_sc01_ort_img,0,2048,512,2560,,1,224,uint16,,0.2153,
test,f120929t01p00r13rdn_a_sc01_ort_img_Sx_0_Sy_3072_Ex_512_Ey_3584.tif,f120929t01p00r13rdn_a_sc01_ort_img,0,3072,512,3584,,1,224,uint16,,0.28989,
test,f120929t01p00r13rdn_a_sc01_ort_img_Sx_512_Sy_2560_Ex_1024_Ey_3072.tif,f120929t01p00r13rdn_a_sc01_ort_img,512,2560,1024,3072,,1,224,uint16,,0.28802,
test,f120929t01p00r13rdn_a_sc01_ort_img_Sx_512_Sy_3584_Ex_1024_Ey_4096.tif,f120929t01p00r13rdn_a_sc01_ort_img,512,3584,1024,4096,,1,224,uint16,,0.23328,
test,f120929t01p00r13rdn_a_sc01_ort_img_Sx_512_Sy_9216_Ex_1024_Ey_9728.tif,f120929t01p00r13rdn_a_sc01_ort_img,512,9216,1024,9728,,1,224,uint16,,0.03207,
test,f120930t01p00r04rdn_a_sc01_ort_img_Sx_420_Sy_2048_Ex_932_Ey_2560.tif,f120930t01p00r04rdn_a_sc01_ort_img,420,2048,932,2560,,1,224,uint16,,0.12845,
test,f120930t01p00r06rdn_a_sc01_ort_img_Sx_400_Sy_512_Ex_912_Ey_1024.tif,f120930t01p00r06rdn_a_sc01_ort_img,400,512,912,1024,,1,224,uint16,,0.17847,
test,f120930t01p00r09rdn_a_sc01_ort_img_Sx_410_Sy_2048_Ex_922_Ey_2560.tif,f120930t01p00r09rdn_a_sc01_ort_img,410,2048,922,2560,,1,224,uint16,,0.08276,
test,f121020t01p00r03rdn_a_sc01_ort_img_Sx_395_Sy_1024_Ex_907_Ey_1536.tif,f121020t01p00r03rdn_a_sc01_ort_img,395,1024,907,1536,,1,224,uint16,,0.12225,
test,f130803t01p00r11rdn_e_sc01_ort_img_Sx_0_Sy_1536_Ex_512_Ey_2048.tif,f130803t01p00r11rdn_e_sc01_ort_img,0,1536,512,2048,,1,224,uint16,,0.0593,
test,f130803t01p00r11rdn_e_sc01_ort_img_Sx_301_Sy_1536_Ex_813_Ey_2048.tif,f130803t01p00r11rdn_e_sc01_ort_img,301,1536,813,2048,,1,224,uint16,,0.11014,
test,f130803t01p00r11rdn_e_sc01_ort_img_Sx_301_Sy_3072_Ex_813_Ey_3584.tif,f130803t01p00r11rdn_e_sc01_ort_img,301,3072,813,3584,,1,224,uint16,,0.07425,
test,f130803t01p00r14rdn_e_sc01_ort_img_Sx_0_Sy_512_Ex_512_Ey_1024.tif,f130803t01p00r14rdn_e_sc01_ort_img,0,512,512,1024,,1,224,uint16,,0.13004,
test,f130803t01p00r14rdn_e_sc01_ort_img_Sx_332_Sy_2560_Ex_844_Ey_3072.tif,f130803t01p00r14rdn_e_sc01_ort_img,332,2560,844,3072,,1,224,uint16,,0.1619,
test,f130803t01p00r15rdn_e_sc01_ort_img_Sx_0_Sy_13824_Ex_512_Ey_14336.tif,f130803t01p00r15rdn_e_sc01_ort_img,0,13824,512,14336,,1,224,uint16,,0.34689,
test,f130803t01p00r15rdn_e_sc01_ort_img_Sx_0_Sy_15872_Ex_512_Ey_16384.tif,f130803t01p00r15rdn_e_sc01_ort_img,0,15872,512,16384,,1,224,uint16,,0.28946,
test,f130803t01p00r15rdn_e_sc01_ort_img_Sx_0_Sy_19968_Ex_512_Ey_20480.tif,f130803t01p00r15rdn_e_sc01_ort_img,0,19968,512,20480,,1,224,uint16,,0.26025,
test,f130803t01p00r15rdn_e_sc01_ort_img_Sx_0_Sy_23552_Ex_512_Ey_24064.tif,f130803t01p00r15rdn_e_sc01_ort_img,0,23552,512,24064,,1,224,uint16,,0.23901,
test,f130803t01p00r15rdn_e_sc01_ort_img_Sx_0_Sy_24064_Ex_512_Ey_24576.tif,f130803t01p00r15rdn_e_sc01_ort_img,0,24064,512,24576,,1,224,uint16,,0.23917,
test,f130803t01p00r15rdn_e_sc01_ort_img_Sx_0_Sy_5632_Ex_512_Ey_6144.tif,f130803t01p00r15rdn_e_sc01_ort_img,0,5632,512,6144,,1,224,uint16,,0.36108,
test,f130803t01p00r15rdn_e_sc01_ort_img_Sx_512_Sy_10752_Ex_1024_Ey_11264.tif,f130803t01p00r15rdn_e_sc01_ort_img,512,10752,1024,11264,,1,224,uint16,,0.08829,
test,f130803t01p00r15rdn_e_sc01_ort_img_Sx_512_Sy_13312_Ex_1024_Ey_13824.tif,f130803t01p00r15rdn_e_sc01_ort_img,512,13312,1024,13824,,1,224,uint16,,0.1138,
test,f130803t01p00r15rdn_e_sc01_ort_img_Sx_512_Sy_13824_Ex_1024_Ey_14336.tif,f130803t01p00r15rdn_e_sc01_ort_img,512,13824,1024,14336,,1,224,uint16,,0.06161,
test,f130803t01p00r15rdn_e_sc01_ort_img_Sx_512_Sy_14848_Ex_1024_Ey_15360.tif,f130803t01p00r15rdn_e_sc01_ort_img,512,14848,1024,15360,,1,224,uint16,,0.09921,
test,f130803t01p00r15rdn_e_sc01_ort_img_Sx_512_Sy_19968_Ex_1024_Ey_20480.tif,f130803t01p00r15rdn_e_sc01_ort_img,512,19968,1024,20480,,1,224,uint16,,0.16455,
test,f130803t01p00r15rdn_e_sc01_ort_img_Sx_512_Sy_20480_Ex_1024_Ey_20992.tif,f130803t01p00r15rdn_e_sc01_ort_img,512,20480,1024,20992,,1,224,uint16,,0.16287,
test,f130803t01p00r15rdn_e_sc01_ort_img_Sx_512_Sy_28160_Ex_1024_Ey_28672.tif,f130803t01p00r15rdn_e_sc01_ort_img,512,28160,1024,28672,,1,224,uint16,,0.21558,
test,f130803t01p00r15rdn_e_sc01_ort_img_Sx_512_Sy_28672_Ex_1024_Ey_29184.tif,f130803t01p00r15rdn_e_sc01_ort_img,512,28672,1024,29184,,1,224,uint16,,0.22443,
test,f130803t01p00r15rdn_e_sc01_ort_img_Sx_512_Sy_29184_Ex_1024_Ey_29696.tif,f130803t01p00r15rdn_e_sc01_ort_img,512,29184,1024,29696,,1,224,uint16,,0.21844,
test,f130803t01p00r15rdn_e_sc01_ort_img_Sx_568_Sy_13312_Ex_1080_Ey_13824.tif,f130803t01p00r15rdn_e_sc01_ort_img,568,13312,1080,13824,,1,224,uint16,,0.2204,
test,f130803t01p00r15rdn_e_sc01_ort_img_Sx_568_Sy_13824_Ex_1080_Ey_14336.tif,f130803t01p00r15rdn_e_sc01_ort_img,568,13824,1080,14336,,1,224,uint16,,0.16833,
test,f130803t01p00r15rdn_e_sc01_ort_img_Sx_568_Sy_14848_Ex_1080_Ey_15360.tif,f130803t01p00r15rdn_e_sc01_ort_img,568,14848,1080,15360,,1,224,uint16,,0.20755,
test,f130803t01p00r15rdn_e_sc01_ort_img_Sx_568_Sy_19968_Ex_1080_Ey_20480.tif,f130803t01p00r15rdn_e_sc01_ort_img,568,19968,1080,20480,,1,224,uint16,,0.27393,
test,f130803t01p00r15rdn_e_sc01_ort_img_Sx_568_Sy_28672_Ex_1080_Ey_29184.tif,f130803t01p00r15rdn_e_sc01_ort_img,568,28672,1080,29184,,1,224,uint16,,0.3338,
test,f130803t01p00r16rdn_e_sc01_ort_img_Sx_0_Sy_10240_Ex_512_Ey_10752.tif,f130803t01p00r16rdn_e_sc01_ort_img,0,10240,512,10752,,1,224,uint16,,0.20755,
test,f130803t01p00r16rdn_e_sc01_ort_img_Sx_0_Sy_13312_Ex_512_Ey_13824.tif,f130803t01p00r16rdn_e_sc01_ort_img,0,13312,512,13824,,1,224,uint16,,0.1539,
test,f130803t01p00r16rdn_e_sc01_ort_img_Sx_0_Sy_13824_Ex_512_Ey_14336.tif,f130803t01p00r16rdn_e_sc01_ort_img,0,13824,512,14336,,1,224,uint16,,0.15036,
test,f130803t01p00r16rdn_e_sc01_ort_img_Sx_0_Sy_14848_Ex_512_Ey_15360.tif,f130803t01p00r16rdn_e_sc01_ort_img,0,14848,512,15360,,1,224,uint16,,0.12979,
test,f130803t01p00r16rdn_e_sc01_ort_img_Sx_0_Sy_15872_Ex_512_Ey_16384.tif,f130803t01p00r16rdn_e_sc01_ort_img,0,15872,512,16384,,1,224,uint16,,0.11383,
test,f130803t01p00r16rdn_e_sc01_ort_img_Sx_0_Sy_16384_Ex_512_Ey_16896.tif,f130803t01p00r16rdn_e_sc01_ort_img,0,16384,512,16896,,1,224,uint16,,0.1131,
test,f130803t01p00r16rdn_e_sc01_ort_img_Sx_0_Sy_16682_Ex_512_Ey_17194.tif,f130803t01p00r16rdn_e_sc01_ort_img,0,16682,512,17194,,1,224,uint16,,0.12927,
test,f130803t01p00r16rdn_e_sc01_ort_img_Sx_0_Sy_4096_Ex_512_Ey_4608.tif,f130803t01p00r16rdn_e_sc01_ort_img,0,4096,512,4608,,1,224,uint16,,0.26276,
test,f130803t01p00r16rdn_e_sc01_ort_img_Sx_0_Sy_5632_Ex_512_Ey_6144.tif,f130803t01p00r16rdn_e_sc01_ort_img,0,5632,512,6144,,1,224,uint16,,0.27213,
test,f130803t01p00r16rdn_e_sc01_ort_img_Sx_0_Sy_7168_Ex_512_Ey_7680.tif,f130803t01p00r16rdn_e_sc01_ort_img,0,7168,512,7680,,1,224,uint16,,0.21994,
test,f130803t01p00r16rdn_e_sc01_ort_img_Sx_0_Sy_9728_Ex_512_Ey_10240.tif,f130803t01p00r16rdn_e_sc01_ort_img,0,9728,512,10240,,1,224,uint16,,0.21362,
test,f130803t01p00r16rdn_e_sc01_ort_img_Sx_410_Sy_11264_Ex_922_Ey_11776.tif,f130803t01p00r16rdn_e_sc01_ort_img,410,11264,922,11776,,1,224,uint16,,0.22787,
test,f130803t01p00r16rdn_e_sc01_ort_img_Sx_410_Sy_13312_Ex_922_Ey_13824.tif,f130803t01p00r16rdn_e_sc01_ort_img,410,13312,922,13824,,1,224,uint16,,0.25345,
test,f130803t01p00r16rdn_e_sc01_ort_img_Sx_410_Sy_15360_Ex_922_Ey_15872.tif,f130803t01p00r16rdn_e_sc01_ort_img,410,15360,922,15872,,1,224,uint16,,0.27151,
test,f130803t01p00r16rdn_e_sc01_ort_img_Sx_410_Sy_2560_Ex_922_Ey_3072.tif,f130803t01p00r16rdn_e_sc01_ort_img,410,2560,922,3072,,1,224,uint16,,0.07407,
test,f130803t01p00r16rdn_e_sc01_ort_img_Sx_410_Sy_3072_Ex_922_Ey_3584.tif,f130803t01p00r16rdn_e_sc01_ort_img,410,3072,922,3584,,1,224,uint16,,0.1001,
test,f130803t01p00r16rdn_e_sc01_ort_img_Sx_410_Sy_4608_Ex_922_Ey_5120.tif,f130803t01p00r16rdn_e_sc01_ort_img,410,4608,922,5120,,1,224,uint16,,0.11545,
test,f130803t01p00r16rdn_e_sc01_ort_img_Sx_410_Sy_5632_Ex_922_Ey_6144.tif,f130803t01p00r16rdn_e_sc01_ort_img,410,5632,922,6144,,1,224,uint16,,0.11981,
test,f130803t01p00r16rdn_e_sc01_ort_img_Sx_410_Sy_6144_Ex_922_Ey_6656.tif,f130803t01p00r16rdn_e_sc01_ort_img,410,6144,922,6656,,1,224,uint16,,0.13974,
test,f130803t01p00r16rdn_e_sc01_ort_img_Sx_410_Sy_7168_Ex_922_Ey_7680.tif,f130803t01p00r16rdn_e_sc01_ort_img,410,7168,922,7680,,1,224,uint16,,0.16525,
test,f130804t01p00r03rdn_e_sc01_ort_img_Sx_447_Sy_11776_Ex_959_Ey_12288.tif,f130804t01p00r03rdn_e_sc01_ort_img,447,11776,959,12288,,1,224,uint16,,0.17465,
test,f130815t01p00r02rdn_e_sc01_ort_img_Sx_0_Sy_1024_Ex_512_Ey_1536.tif,f130815t01p00r02rdn_e_sc01_ort_img,0,1024,512,1536,,1,224,uint16,,0.11548,
test,f170507t01p00r05rdn_e_sc01_ort_img_Sx_0_Sy_1024_Ex_512_Ey_1536.tif,f170507t01p00r05rdn_e_sc01_ort_img,0,1024,512,1536,,1,224,uint16,,0.07169,
test,f170507t01p00r05rdn_e_sc01_ort_img_Sx_0_Sy_1208_Ex_512_Ey_1720.tif,f170507t01p00r05rdn_e_sc01_ort_img,0,1208,512,1720,,1,224,uint16,,0.32684,
